DBRep_DrawableShape

CASCADE Topology V1, (c) Matra-Datavision
Locations 23
1
              1               0               0 56.5582241127438 
              0 0.960854983309717 0.277051802103657 49.5469570031418 
              0 -0.277051802103657 0.960854983309717 68.2592962297558 
1
              1               0               0               0 
              0               1               0               0 
              0               0               1               0 
1
              1               0               0               0 
              0               1               0               0 
              0               0               1               0 
1
              1               0               0               0 
              0               1               0               0 
              0               0               1               0 
2  2 1 3 1 4 -1 0
2  2 -1 0
1
              1               0               0               0 
              0               1               0               0 
              0               0               1               0 
2  7 -1 4 1 3 -1 2 -1 0
2  7 -1 4 1 3 -1 0
2  3 1 4 -1 0
1
              1               0               0               0 
              0               1               0               0 
              0               0               1               0 
2  11 -1 2 1 0
1
              1               0               0               0 
              0               1               0               0 
              0               0               1 24.0000005699689 
2  11 -1 13 1 2 1 0
2  11 -1 2 1 3 1 4 -1 0
1
              1               0               0               0 
              0               1               0               0 
              0               0               1               0 
1
              1               0               0               0 
              0               1               0               0 
              0               0               1               0 
2  16 1 17 1 4 -1 0
2  11 -1 2 1 3 1 17 -1 16 -1 0
2  4 1 17 -1 16 -1 0
2  7 -1 4 1 17 -1 16 -1 0
2  11 -1 13 1 2 1 3 1 4 -1 0
2  7 -1 0
Curve2ds 26
1 0 0 0 -1 
1 1 0 0 -1 
7 0 0  7 110 19  1.7347234759768071e-18 -1.4999999999999998  0.0044404202844765435 -1.5000000000000004  0.0088808405689529187 -1.4999999999999887  0.013321260853429764 -1.5000000000000258  0.017761681137905952 -1.4999999999999745  0.022202101422382686 -1.5000000000000138  0.026642521706859098 -1.4999999999999958  0.035547320562827202 -1.5000000000000051  0.040011699134318061 -1.49999999999998  0.044476077705811135 -1.5000000000000364  0.048940456277300592 -1.4999999999999662  0.053404834848793444 -1.5000000000000162  0.057869213420284442 -1.499999999999998  0.071262977245272793 -1.5000000000000002  0.08019236249877118 -1.5000000000000036  0.089121747752266195 -1.4999999999999942  0.098051133005765567 -1.5000000000000031  0.10698051825926119 -1.4999999999999998  0.11590990351275914 -1.4999999999999993  0.13376952055524011 -1.5000000000000002  0.14269975234422641 -1.5000000000000051  0.15162998413320747 -1.4999999999999976  0.16056021592219441 -1.4999999999999958  0.16949044771117827 -1.500000000000008  0.1784206795001621 -1.4999999999999964  0.19628020048708611 -1.5000000000000049  0.20520948968502206 -1.4999999999999893  0.2141387788829667 -1.500000000000022  0.22306806808089769 -1.4999999999999782  0.23199735727884244 -1.5000000000000135  0.24092664647677783 -1.4999999999999931  0.25878597623669058 -1.5000000000000142  0.26771601679865392 -1.4999999999999478  0.27664605736064191 -1.5000000000000813  0.28557609792259492 -1.4999999999999258  0.29450613848457918 -1.5000000000000406  0.30343617904654507 -1.4999999999999909  0.32129723981147323 -1.5000000000000022  0.33022826001442807 -1.500000000000004  0.33915928021738079 -1.4999999999999893  0.34809030042034028 -1.5000000000000113  0.35702132062329062 -1.4999999999999922  0.36595234082624833 -1.5000000000000024  0.3927449616263437 -1.4999999999999987  0.41060656222348668 -1.5000000000000058  0.42846816282062583 -1.4999999999999891  0.44632976341776975 -1.500000000000008  0.46419136401491057 -1.5000000000000013  0.48205296461205072 -1.499999999999994  0.50884508879471368 -1.5000000000000095  0.51777561238021808 -1.4999999999999634  0.52670613596576554 -1.5000000000000606  0.53563665955124673 -1.4999999999999472  0.54456718313679209 -1.5000000000000258  0.55349770672229814 -1.4999999999999951  0.57135819651520336 -1.4999999999999998  0.58028816272259454 -1.5000000000000067  0.58921812892996783 -1.4999999999999922  0.59814809513736777 -1.5000000000000044  0.60707806134474118 -1.4999999999999984  0.61600802755213413 -1.5000000000000004  0.63386716168317048 -1.4999999999999971  0.64279632960683475 -1.5000000000000147  0.65172549753047115 -1.4999999999999789  0.66065466545414586 -1.5000000000000191  0.66958383337778737 -1.4999999999999891  0.67851300130144665 -1.5000000000000007  0.6963720986181352 -1.5000000000000033  0.70530202801115427 -1.4999999999999858  0.71423195740421175 -1.5000000000000226  0.72316188679721338 -1.4999999999999827  0.7320918161902662 -1.5000000000000071  0.74102174558328782 -1.4999999999999971  0.7544157877879224 -1.5000000000000013  0.7588799005995166 -1.5000000000000049  0.76334401341112046 -1.4999999999999876  0.76780812622271499 -1.50000000000001  0.77227223903431574 -1.4999999999999971  0.77673635184591383 -1.4999999999999993  0.78566533891162149 -1.5000000000000016  0.79013021316573695 -1.5000000000000004  0.79459508741982876 -1.499999999999998  0.79905996167395987 -1.4999999999999984  0.80352483592805313 -1.5000000000000011  0.80798971018216981 -1.5000000000000011  0.82138534294671472 -1.4999999999999984  0.8303161014571695 -1.5000000000000033  0.83924685996758519 -1.5000000000000031  0.8481776184780494 -1.4999999999999893  0.85710837698847897 -1.5000000000000109  0.86603913549891975 -1.4999999999999951  0.87943495863235377 -1.5000000000000058  0.88390021198338287 -1.4999999999999789  0.88836515990442011 -1.5000000000000295  0.8928299922553905 -1.4999999999999811  0.89729508014180348 -1.5000000000000067  0.90176047314157259 -1.5000000000000004  0.91069081501212912 -1.499999999999996  0.91515537895726873 -1.5000000000000138  0.91961913414763674 -1.4999999999999831  0.92408310079034384 -1.5000000000000133  0.92854833274228787 -1.4999999999999905  0.9330149767331446 -1.500000000000004  0.94641374115153121 -1.4999999999999902  0.95534588698830913 -1.5000000000000293  0.96427670500268248 -1.4999999999999503  0.97320755232723244 -1.5000000000000469  0.98213835854210707 -1.4999999999999736  0.99106918063742855 -1.5000000000000069  1.0000000000000002 -1.4999999999999998 
 -4.6329701189613447e-16 8 3.618104518898452 6 7.2557305202153337 6 14.531494314378799 6 21.807947875202963 6 29.083633402214225 6 36.359931149111929 6 43.637027118529659 6 58.190860696221215 6 65.467552016151174 6 72.743789178093948 6 80.019375889451183 6 87.295583054643075 6 90.932992511802524 6 94.571022400905804 6 101.84790514031195 6 105.48609014412429 6 109.12467856458098 6 116.40161088699381 8
1 0 0 0 1 
7 0 0  7 110 19  1.7347234759768071e-18 -22.500000569968858  0.0044404202844765435 -22.500000569968883  0.0088808405689529187 -22.500000569968641  0.013321260853429764 -22.500000569969295  0.017761681137905952 -22.500000569968467  0.022202101422382686 -22.500000569969064  0.026642521706859098 -22.500000569968812  0.035547320562827202 -22.500000569968893  0.040011699134318061 -22.500000569968641  0.044476077705811135 -22.500000569969274  0.048940456277300592 -22.500000569968456  0.053404834848793444 -22.500000569969089  0.057869213420284442 -22.500000569968822  0.071262977245272793 -22.500000569968826  0.08019236249877118 -22.500000569969018  0.089121747752266195 -22.500000569968648  0.098051133005765567 -22.50000056996894  0.10698051825926119 -22.500000569968872  0.11590990351275914 -22.500000569968865  0.13376952055524011 -22.500000569968812  0.14269975234422641 -22.500000569969089  0.15162998413320747 -22.500000569968545  0.16056021592219441 -22.500000569969082  0.16949044771117827 -22.500000569968808  0.1784206795001621 -22.500000569968826  0.19628020048708611 -22.500000569968982  0.20520948968502206 -22.50000056996841  0.2141387788829667 -22.500000569969668  0.22306806808089769 -22.500000569968055  0.23199735727884244 -22.500000569969345  0.24092664647677783 -22.500000569968691  0.25878597623669058 -22.500000569969032  0.26771601679865392 -22.500000569968272  0.27664605736064191 -22.500000569969732  0.28557609792259492 -22.500000569968119  0.29450613848457918 -22.500000569969252  0.30343617904654507 -22.500000569968762  0.32129723981147323 -22.500000569968908  0.33022826001442807 -22.500000569968808  0.33915928021738079 -22.500000569968854  0.34809030042034028 -22.500000569968922  0.35702132062329062 -22.50000056996879  0.36595234082624833 -22.500000569968879  0.3927449616263437 -22.500000569968858  0.41060656222348668 -22.500000569968883  0.42846816282062583 -22.50000056996878  0.44632976341776975 -22.500000569968975  0.46419136401491057 -22.500000569968797  0.48205296461205072 -22.500000569968837  0.50884508879471368 -22.500000569968961  0.51777561238021808 -22.500000569968417  0.52670613596576554 -22.500000569969608  0.53563665955124673 -22.500000569968208  0.54456718313679209 -22.500000569969171  0.55349770672229814 -22.500000569968805  0.57135819651520336 -22.500000569968837  0.58028816272259454 -22.500000569969046  0.58921812892996783 -22.500000569968584  0.59814809513736777 -22.50000056996911  0.60707806134474118 -22.500000569968709  0.61600802755213413 -22.500000569968897  0.63386716168317048 -22.500000569968812  0.64279632960683475 -22.500000569969036  0.65172549753047115 -22.500000569968684  0.66065466545414586 -22.500000569968954  0.66958383337778737 -22.500000569968812  0.67851300130144665 -22.500000569968858  0.6963720986181352 -22.500000569968929  0.70530202801115427 -22.500000569968559  0.71423195740421175 -22.500000569969387  0.72316188679721338 -22.50000056996835  0.7320918161902662 -22.500000569969135  0.74102174558328782 -22.500000569968783  0.7544157877879224 -22.500000569968883  0.7588799005995166 -22.500000569968908  0.76334401341112046 -22.500000569968705  0.76780812622271499 -22.50000056996905  0.77227223903431574 -22.500000569968734  0.77673635184591383 -22.500000569968886  0.78566533891162149 -22.500000569968833  0.79013021316573695 -22.500000569969075  0.79459508741982876 -22.500000569968464  0.79905996167395987 -22.500000569969195  0.80352483592805313 -22.500000569968684  0.80798971018216981 -22.500000569968911  0.82138534294671506 -22.500000569968794  0.83031610145716828 -22.500000569968986  0.8392468599675883 -22.500000569968808  0.84817761847804674 -22.500000569968794  0.85710837698847975 -22.500000569968954  0.86603913549892053 -22.500000569968794  0.87943495863235233 -22.500000569968925  0.88390021198338842 -22.500000569968694  0.88836515990441178 -22.500000569969018  0.89282999225539705 -22.500000569968893  0.89729508014180082 -22.500000569968737  0.90176047314157226 -22.500000569968911  0.91069081501213089 -22.500000569968822  0.91515537895726207 -22.50000056996894  0.91961913414764729 -22.500000569968822  0.92408310079033407 -22.500000569968837  0.92854833274229387 -22.500000569968872  0.93301497673314304 -22.500000569968872  0.94641374115153265 -22.500000569968812  0.95534588698830658 -22.500000569969004  0.9642767050026847 -22.500000569968556  0.97320755232723177 -22.500000569969163  0.98213835854210707 -22.500000569968687  0.99106918063742855 -22.500000569968911  1.0000000000000002 -22.500000569968858 
 -4.6329701189613447e-16 8 3.618104518898452 6 7.2557305202153337 6 14.531494314378799 6 21.807947875202963 6 29.083633402214225 6 36.359931149111929 6 43.637027118529659 6 58.190860696221215 6 65.467552016151174 6 72.743789178093948 6 80.019375889451183 6 87.295583054643075 6 90.932992511802524 6 94.571022400905804 6 101.84790514031195 6 105.48609014412429 6 109.12467856458098 6 116.40161088699381 8
1 0 0 0 1 
8 0 116.40161088699381
1 0 -4.6329701189613447e-16 1 0 
8 0 116.40161088699381
1 0 116.40161088699381 1 0 
1 116.40161088699381 0 0 1 
7 0 0  7 110 19  -11.098396200761826 11.503761201414223  -11.543439365863904 11.505956601850718  -11.98806559778579 11.483621409573256  -12.427981762207381 11.435482173021752  -12.858910249600084 11.360743567295618  -13.276893633656995 11.258946996758366  -13.678599329716196 11.129829197630604  -14.446715787586006 10.815687287371327  -14.824131655449579 10.625780149375474  -15.1925088927633 10.405177748456948  -15.549848169137283 10.156156988398036  -15.893814653710558 9.8814920430290254  -16.222038881042849 9.5843930443256298  -17.153218757330009 8.6365037709483978  -17.701886028697182 7.9298419102148312  -18.181128011732696 7.155432315040164  -18.589914683616154 6.3228650107391227  -18.927129146212138 5.444298505055329  -19.19300045422036 4.5336271477019547  -19.583653149131752 2.6760133336846725  -19.70703249234424 1.7359853789592454  -19.755155820444958 0.79404934129763072  -19.725570709003524 -0.14052032813834497  -19.616326758857095 -1.0589354892367151  -19.425630293295029 -1.9533861352731994  -18.877396751904584 -3.6815870841179765  -18.516125867819309 -4.5271116491480869  -18.073573694698823 -5.3466044764997829  -17.556715152730465 -6.1316731286157706  -16.973441019341944 -6.8735890363904986  -16.332386157944601 -7.5638423713330729  -14.953071305967377 -8.8256045480286094  -14.209045632455258 -9.4023940481321233  -13.415970244986074 -9.9276415381295262  -12.580318948919668 -10.40320851570724  -11.709440559414553 -10.830678164606198  -10.811249624670596 -11.211791663055628  -8.9764840407508988 -11.886014301061888  -8.0426052562714236 -12.178080354927175  -7.0938126429019324 -12.427241336866262  -6.1318310724714058 -12.635579002848655  -5.1585407976402697 -12.805148297779617  -4.1759398080467092 -12.93802747151352  -1.2064876877009776 -13.233044798774426  0.78842472493033788 -13.290240183459611  2.7818208548848822 -13.20168798251151  4.7570059445385393 -12.961813455886261  6.6977598395069204 -12.565419799162498  8.5886961529547357 -12.007374452788477  11.329055765538069 -10.919767123585288  12.220975050514097 -10.517652556508478  13.08306280305513 -10.072752545976126  13.907079468470618 -9.5821186911580369  14.685590311293961 -9.0432702028555081  15.412355763853864 -8.4535887004275185  16.752370880507183 -7.1642334516110715  17.372296196223299 -6.4581869698565431  17.932206431298663 -5.6996280803395996  18.42282668400394 -4.8983712214485573  18.835765440455731 -4.0645130298978396  19.163719117026758 -3.2077766689212583  19.63761290593358 -1.466013498901551  19.787073445293363 -0.56799287810189281  19.851772181540671 0.35081068897338857  19.833748648247852 1.282240367887713  19.735538374274334 2.2170562943112273  19.560555066988641 3.1455280419734248  19.064792907461928 4.9704313095430201  18.745772568161584 5.8602946204934492  18.355942768952353 6.7135810499385  17.8962136052197 7.5165133008666061  17.368650617406551 8.2571597377225991  16.774992762799194 8.9261096643354225  15.782252426987014 9.8111147427662395  15.433816170547333 10.086826983469349  15.07031058075342 10.34010395385067  14.694444146311049 10.568064391925555  14.308928434560309 10.768183786703142  13.916268252595602 10.938349047685463  13.12076752577198 11.215500935892598  12.707704310994789 11.326050479610014  12.280912009619323 11.409379984769977  11.842788804322712 11.466255406846873  11.396314254758586 11.497544971043265  10.944782337432075 11.504373665799045  9.5849362523523993 11.456082236221494  8.6556452969332991 11.331568133310071  7.6950419680146496 11.134387649404001  6.7063182772592764 10.887518245205595  5.6888755248277354 10.622647759779333  4.6375216673684054 10.371124934925346  3.0029191377561943 10.070814037684034  2.4544902699130811 9.9846447542025949  1.9019637334440076 9.9136340888856083  1.3453527907754999 9.859333689188956  0.7852818197098177 9.82339986278655  0.22307345069519552 9.8073755618890885  -0.90146438569354159 9.817569738410862  -1.4637753103455793 9.8437918466070879  -2.0240027964680078 9.889677526184613  -2.5807118064924484 9.953467381806405  -3.1329852086362693 10.033265368465816  -3.6802824468667898 10.127200371176833  -5.3062933146008131 10.44635546225077  -6.3504499261834519 10.705260667042577  -7.3593443232413254 10.971260261601259  -8.3383909683236528 11.212449914420038  -9.2874189318905369 11.395577246774321  -10.203300722982194 11.499345690388164  -11.098396200761838 11.503761201414225 
 -4.6329701189613447e-16 8 3.618104518898452 6 7.2557305202153337 6 14.531494314378799 6 21.807947875202963 6 29.083633402214225 6 36.359931149111929 6 43.637027118529659 6 58.190860696221215 6 65.467552016151174 6 72.743789178093948 6 80.019375889451183 6 87.295583054643075 6 90.932992511802524 6 94.571022400905804 6 101.84790514031195 6 105.48609014412429 6 109.12467856458098 6 116.40161088699381 8
8 0 116.40161088699381
1 0 -4.6329701189613447e-16 1 0 
8 0 116.40161088699381
1 0 116.40161088699381 1 0 
1 116.40161088699381 0 0 1 
7 0 0  7 110 19  -11.098396200761826 11.503761201414223  -11.543439365863904 11.505956601850718  -11.98806559778579 11.483621409573256  -12.427981762207381 11.435482173021752  -12.858910249600084 11.360743567295618  -13.276893633656995 11.258946996758366  -13.678599329716196 11.129829197630604  -14.446715787586006 10.815687287371327  -14.824131655449579 10.625780149375474  -15.1925088927633 10.405177748456948  -15.549848169137283 10.156156988398036  -15.893814653710558 9.8814920430290254  -16.222038881042849 9.5843930443256298  -17.153218757330009 8.6365037709483978  -17.701886028697182 7.9298419102148312  -18.181128011732696 7.155432315040164  -18.589914683616154 6.3228650107391227  -18.927129146212138 5.444298505055329  -19.19300045422036 4.5336271477019547  -19.583653149131752 2.6760133336846725  -19.70703249234424 1.7359853789592454  -19.755155820444958 0.79404934129763072  -19.725570709003524 -0.14052032813834497  -19.616326758857095 -1.0589354892367151  -19.425630293295029 -1.9533861352731994  -18.877396751904584 -3.6815870841179765  -18.516125867819309 -4.5271116491480869  -18.073573694698823 -5.3466044764997829  -17.556715152730465 -6.1316731286157706  -16.973441019341944 -6.8735890363904986  -16.332386157944601 -7.5638423713330729  -14.953071305967377 -8.8256045480286094  -14.209045632455258 -9.4023940481321233  -13.415970244986074 -9.9276415381295262  -12.580318948919668 -10.40320851570724  -11.709440559414553 -10.830678164606198  -10.811249624670596 -11.211791663055628  -8.9764840407508988 -11.886014301061888  -8.0426052562714236 -12.178080354927175  -7.0938126429019324 -12.427241336866262  -6.1318310724714058 -12.635579002848655  -5.1585407976402697 -12.805148297779617  -4.1759398080467092 -12.93802747151352  -1.2064876877009776 -13.233044798774426  0.78842472493033788 -13.290240183459611  2.7818208548848822 -13.20168798251151  4.7570059445385393 -12.961813455886261  6.6977598395069204 -12.565419799162498  8.5886961529547357 -12.007374452788477  11.329055765538069 -10.919767123585288  12.220975050514097 -10.517652556508478  13.08306280305513 -10.072752545976126  13.907079468470618 -9.5821186911580369  14.685590311293961 -9.0432702028555081  15.412355763853864 -8.4535887004275185  16.752370880507183 -7.1642334516110715  17.372296196223299 -6.4581869698565431  17.932206431298663 -5.6996280803395996  18.42282668400394 -4.8983712214485573  18.835765440455731 -4.0645130298978396  19.163719117026758 -3.2077766689212583  19.63761290593358 -1.466013498901551  19.787073445293363 -0.56799287810189281  19.851772181540671 0.35081068897338857  19.833748648247852 1.282240367887713  19.735538374274334 2.2170562943112273  19.560555066988641 3.1455280419734248  19.064792907461928 4.9704313095430201  18.745772568161584 5.8602946204934492  18.355942768952353 6.7135810499385  17.8962136052197 7.5165133008666061  17.368650617406551 8.2571597377225991  16.774992762799194 8.9261096643354225  15.782252426987014 9.8111147427662395  15.433816170547347 10.086826983469351  15.070310580753409 10.340103953850663  14.694444146311056 10.568064391925564  14.308928434560299 10.768183786703133  13.916268252595611 10.938349047685472  13.120767525771962 11.215500935892576  12.707704310994853 11.326050479610089  12.28091200961922 11.409379984769858  11.84278880432281 11.466255406846996  11.396314254758533 11.497544971043183  10.944782337432086 11.504373665799074  9.5849362523523869 11.456082236221436  8.6556452969332991 11.331568133310226  7.6950419680146878 11.134387649403742  6.7063182772592125 10.88751824520587  5.6888755248277745 10.622647759779159  4.6375216673683921 10.371124934925394  3.002919137756201 10.070814037684011  2.4544902699130628 9.9846447542026517  1.9019637334440287 9.9136340888855319  1.3453527907754825 9.8593336891890253  0.78528181970982669 9.8233998627865091  0.22307345069519288 9.8073755618890974  -0.90146438569354037 9.8175697384108602  -1.4637753103455822 9.8437918466070933  -2.0240027964680092 9.8896775261846024  -2.5807118064924395 9.9534673818064228  -3.1329852086362786 10.033265368465793  -3.6802824468667872 10.127200371176846  -5.3062933146008131 10.44635546225075  -6.3504499261834431 10.705260667042639  -7.3593443232413396 10.971260261601161  -8.3383909683236173 11.212449914420137  -9.2874189318905671 11.395577246774259  -10.203300722982183 11.499345690388182  -11.098396200761837 11.503761201414225 
 -4.6329701189613447e-16 8 3.618104518898452 6 7.2557305202153337 6 14.531494314378799 6 21.807947875202963 6 29.083633402214225 6 36.359931149111929 6 43.637027118529659 6 58.190860696221215 6 65.467552016151174 6 72.743789178093948 6 80.019375889451183 6 87.295583054643075 6 90.932992511802524 6 94.571022400905804 6 101.84790514031195 6 105.48609014412429 6 109.12467856458098 6 116.40161088699381 8
2 -15.20784491509249 1.2873142380325735 1 0 -0 1 0.49973633135692452
1 0 0 1 0 
2 14.792155149413414 1.2873240585197738 1 0 -0 1 0.49973197440360018
1 0 0 1 0 
2 -15.20784491509249 1.2873142380325735 1 0 0 -1 0.49973633135692447
1 6.2831853071795862 -24.000000569968861 -1 0 
2 14.792155149413414 1.2873240585197738 1 0 0 -1 0.49973197440359962
1 6.2831853071795862 -24.000000569968861 -1 0 
1 0 0 0 -1 
1 6.2831853071795862 0 0 -1 
1 0 0 0 -1 
1 6.2831853071795862 0 0 -1 
Curves 13
1 -10.883151899516111 11.716423802562772 0 0 0 1 
7 1 0  7 110 19  -10.883151899516111 11.716423802562772 1.5  1 -11.399117919753582 11.718969065842527 1.5  1.0000000000000018 -11.917694992732384 11.693064339083385 1.5000000000000011  0.99999999999998879 -12.435221602091191 11.636922385763112 1.4999999999999991  1.0000000000000209 -12.948036231468745 11.548755969359195 1.5000000000000002  0.99999999999998057 -13.452477364503844 11.426777853349533 1.5  1.0000000000000104 -13.94488348483514 11.269200801211618 1.4999999999999998  0.99999999999999734 -14.900874753899712 10.878222427583097 1.5000000000000013  1.0000000000000018 -15.364290064444042 10.644416583549473 1.4999999999999969  0.99999999999999156 -15.810446187307203 10.376356773036186 1.500000000000006  1.000000000000016 -16.237950302061837 10.077579724756898 1.4999999999999956  0.99999999999998523 -16.645409588280764 9.7516221674256389 1.5000000000000013  1.0000000000000078 -17.031431225536682 9.4020208297560153 1.5  0.99999999999999911 -18.121055827889673 8.2928436461848687 1.5000000000000004  0.99999999999999856 -18.756154535939388 7.4729353292596876 1.4999999999999991  1.0000000000000067 -19.302396736106523 6.5857143233291584 1.5000000000000009  0.9999999999999909 -19.7622606469453 5.6443074620376903 1.5  1.0000000000000051 -20.138224487011055 4.6618415790273211 1.4999999999999996  0.999999999999999 -20.432766474858258 3.6514435079424645 1.5000000000000007  0.99999999999999978 -20.863983622667643 1.6009394642071748 1.4999999999999991  0.99999999999999978 -21.000643813681467 0.56083068423003102 1.5000000000000036  1.0000000000000018 -21.054741706403536 -0.48541718651630794 1.4999999999999938  1.0000000000000022 -21.022673605157909 -1.5291350770417895 1.500000000000008  0.99999999999999234 -20.900835814263193 -2.561653916357435 1.4999999999999947  1.0000000000000084 -20.685624638043734 -3.574304633473238 1.5000000000000022  0.99999999999999611 -20.061281075243823 -5.5424278075842892 1.4999999999999978  1.0000000000000053 -19.65216915955569 -6.49790628849538 1.5000000000000078  0.99999999999998324 -19.154532088422599 -7.4174667040382225 1.4999999999999887  1.0000000000000282 -18.576801316512928 -8.2937221581171077 1.5000000000000111  0.99999999999997413 -17.927408298493962 -9.1192857546372146 1.4999999999999938  1.0000000000000144 -17.21478448903369 -9.8867705975029594 1.5000000000000013  0.99999999999999523 -15.679873620972545 -11.290868055847593 1.5000000000000013  1.0000000000000058 -14.857577339692662 -11.927469653516733 1.4999999999999938  0.99999999999997857 -13.988457769738448 -12.501903847415747 1.5000000000000107  1.0000000000000329 -13.080500181886023 -13.017479901332909 1.4999999999999907  0.99999999999997091 -12.141689846914554 -13.477507079057395 1.5000000000000051  1.0000000000000162 -11.180012035600127 -13.885294644377757 1.4999999999999987  0.99999999999999589 -9.2267848715092793 -14.603048445048781 1.5000000000000018  1.0000000000000013 -8.2352322533457336 -14.913003944321678 1.4999999999999944  1.0000000000000002 -7.2308618859488911 -15.176523318875057 1.5000000000000102  0.999999999999997 -6.2157414910364945 -15.396111528680278 1.4999999999999905  1.0000000000000031 -5.1919387903270602 -15.57427353371204 1.5000000000000058  0.99999999999999756 -4.1615215055386212 -15.71351429394157 1.4999999999999987  1.0000000000000009 -1.0566800309789572 -16.021982656545422 1.5000000000000018  0.99999999999999989 1.0313838502433468 -16.081968577635589 1.4999999999999996  0.99999999999999967 3.1214144193573734 -15.989633489616033 1.4999999999999978  1.0000000000000004 5.1971918104428978 -15.738314349489015 1.5000000000000024  0.99999999999999889 7.2424961575797653 -15.321348114257368 1.4999999999999996  1.0000000000000036 9.241107594847735 -14.732071740923708 1.5000000000000002  0.999999999999996 12.144625599099337 -13.579709311044997 1.5000000000000004  1.000000000000006 13.096717722558259 -13.150855912945531 1.499999999999998  0.99999999999997724 14.024768071334028 -12.672736970648629 1.5000000000000036  1.0000000000000389 14.920462090056819 -12.140827462610702 1.4999999999999976  0.99999999999996336 15.775485223356712 -11.550602367288382 1.5000000000000016  1.0000000000000195 16.5815229158646 -10.89753666313792 1.5000000000000004  0.99999999999999589 18.078951577811228 -9.4567189581621669 1.4999999999999991  1.0000000000000004 18.77034969952274 -8.6689753660168449 1.5000000000000044  1.0000000000000036 19.395539497402236 -7.8223910177956482 1.4999999999999936  0.99999999999999556 19.94560549151014 -6.9254823791147402 1.5000000000000069  1.0000000000000031 20.411632201902624 -5.9867659155895128 1.4999999999999956  0.999999999999998 20.784704148639982 -5.0147580928361286 1.5000000000000011  1.0000000000000011 21.327083311165126 -3.0212817663123306 1.4999999999999989  0.99999999999999833 21.496408739278213 -1.9998176917884427 1.5000000000000013  1.0000000000000087 21.568248119645038 -0.96258868057171898 1.5000000000000004  0.99999999999998967 21.546967435792311 0.081399739664242521 1.4999999999999984  1.000000000000006 21.436932671245653 1.123142041246445 1.5000000000000009  0.999999999999999 21.242509809532059 2.1536326965012993 1.5  0.99999999999999867 20.693596454464224 4.1741858105827623 1.5000000000000004  1.000000000000004 20.339092312137335 5.164244814244026 1.4999999999999991  0.99999999999998379 19.903212320107073 6.1208396164083432 1.500000000000002  1.0000000000000258 19.384616391287871 7.0307666447444639 1.4999999999999991  0.99999999999997657 18.781964438588954 7.8808223269213311 1.5000000000000007  1.0000000000000129 18.093916374924326 8.6578030906076346 1.4999999999999996  0.99999999999999634 16.931813894130766 9.6937906092549806 1.5000000000000007  1.0000000000000013 16.52281989909244 10.017514462221973 1.5000000000000004  0.99999999999999922 16.094069802046835 10.316630472878925 1.4999999999999973  0.99999999999999878 15.647483276953574 10.588092191732244 1.5000000000000027  1.000000000000002 15.184979997768481 10.828853169287214 1.4999999999999989  0.99999999999999867 14.708479638450958 11.035866956050297 1.5000000000000002  1.0000000000000002 13.731240770888395 11.376336283408152 1.4999999999999987  0.99999999999999944 13.230498142212438 11.50977927117008 1.5000000000000062  1.0000000000000069 12.720547763833636 11.608562132080557 1.4999999999999898  0.99999999999998679 12.204263412655717 11.674830932407588 1.5000000000000098  1.0000000000000104 11.684518865581989 11.71073173841854 1.499999999999994  0.99999999999999556 11.164187899516255 11.718410616381608 1.5000000000000013  1.0000000000000011 9.6099398880584239 11.663215503335364 1.4999999999999978  0.99999999999999856 8.582886986216927 11.522090331097747 1.5000000000000069  1.000000000000002 7.5621188929079191 11.308276494977649 1.499999999999988  1.0000000000000036 6.5447689152033499 11.053412374102908 1.500000000000012  0.99999999999999101 5.5279703601731001 10.789136347599127 1.4999999999999929  1.0000000000000084 4.5088565348892207 10.547086794594215 1.5000000000000024  0.99999999999999545 2.9724489383139403 10.26481637380537 1.4999999999999991  1.0000000000000044 2.4590200364400072 10.184193770743223 1.5000000000000011  0.99999999999998646 1.9445696418077649 10.118238332078784 1.4999999999999978  1.0000000000000202 1.4293143570824225 10.068151056326196 1.5000000000000036  0.9999999999999849 0.91344986175456244 10.03513183737147 1.4999999999999973  1.000000000000006 0.39720898730746923 10.020381408388845 1.5000000000000009  0.99999999999999956 -0.63542665076851723 10.029825686689628 1.4999999999999998  0.99999999999999878 -1.1517766220885459 10.054025715152195 1.5000000000000022  1.0000000000000049 -1.6678129127115162 10.096268630186165 1.4999999999999967  0.999999999999995 -2.1833301624150643 10.155163762122132 1.5000000000000044  1.000000000000002 -2.6981264422449627 10.229335217308902 1.4999999999999971  0.999999999999999 -3.2118948371426321 10.317392582852618 1.5000000000000007  1.0000000000000011 -4.7485209894792142 10.618912974001889 1.5000000000000016  0.99999999999999512 -5.7668373908418253 10.869739438963295 1.4999999999999925  1.0000000000000171 -6.7822693760932893 11.137348234214731 1.5000000000000142  0.99999999999996825 -7.7982976830400776 11.388785996265208 1.4999999999999851  1.0000000000000313 -8.8182346866431907 11.591101740227099 1.5000000000000102  0.99999999999998146 -9.8454124449699325 11.711304627996959 1.4999999999999967  1.0000000000000058 -10.883151899516111 11.716423802562772 1.5  1
 -4.6329701189613447e-16 8 3.618104518898452 6 7.2557305202153337 6 14.531494314378799 6 21.807947875202963 6 29.083633402214225 6 36.359931149111929 6 43.637027118529659 6 58.190860696221215 6 65.467552016151174 6 72.743789178093948 6 80.019375889451183 6 87.295583054643075 6 90.932992511802524 6 94.571022400905804 6 101.84790514031195 6 105.48609014412429 6 109.12467856458098 6 116.40161088699381 8
7 1 0  7 110 19  -10.883151899516111 11.716423802562772 22.500000569968861  1 -11.399117919753582 11.718969065842527 22.500000569968861  1.0000000000000018 -11.917694992732384 11.693064339083385 22.500000569968861  0.99999999999998879 -12.435221602091191 11.636922385763112 22.500000569968858  1.0000000000000209 -12.948036231468745 11.548755969359195 22.500000569968865  0.99999999999998057 -13.452477364503844 11.426777853349533 22.500000569968858  1.0000000000000104 -13.94488348483514 11.269200801211618 22.500000569968861  0.99999999999999734 -14.900874753899712 10.878222427583097 22.500000569968861  1.0000000000000018 -15.364290064444042 10.644416583549473 22.500000569968865  0.99999999999999156 -15.810446187307203 10.376356773036186 22.500000569968854  1.000000000000016 -16.237950302061837 10.077579724756898 22.500000569968869  0.99999999999998523 -16.645409588280764 9.7516221674256389 22.500000569968858  1.0000000000000078 -17.031431225536682 9.4020208297560153 22.500000569968861  0.99999999999999911 -18.121055827889673 8.2928436461848687 22.500000569968861  0.99999999999999856 -18.756154535939388 7.4729353292596876 22.500000569968861  1.0000000000000067 -19.302396736106523 6.5857143233291584 22.500000569968861  0.9999999999999909 -19.7622606469453 5.6443074620376903 22.500000569968858  1.0000000000000051 -20.138224487011055 4.6618415790273211 22.500000569968865  0.999999999999999 -20.432766474858258 3.6514435079424645 22.500000569968861  0.99999999999999978 -20.863983622667643 1.6009394642071748 22.500000569968861  0.99999999999999978 -21.000643813681467 0.56083068423003102 22.500000569968858  1.0000000000000018 -21.054741706403536 -0.48541718651630794 22.500000569968869  1.0000000000000022 -21.022673605157909 -1.5291350770417895 22.500000569968854  0.99999999999999234 -20.900835814263193 -2.561653916357435 22.500000569968865  1.0000000000000084 -20.685624638043734 -3.574304633473238 22.500000569968861  0.99999999999999611 -20.061281075243823 -5.5424278075842892 22.500000569968861  1.0000000000000053 -19.65216915955569 -6.49790628849538 22.500000569968858  0.99999999999998324 -19.154532088422599 -7.4174667040382225 22.500000569968865  1.0000000000000282 -18.576801316512928 -8.2937221581171077 22.500000569968858  0.99999999999997413 -17.927408298493962 -9.1192857546372146 22.500000569968865  1.0000000000000144 -17.21478448903369 -9.8867705975029594 22.500000569968861  0.99999999999999523 -15.679873620972545 -11.290868055847593 22.500000569968861  1.0000000000000058 -14.857577339692662 -11.927469653516733 22.500000569968861  0.99999999999997857 -13.988457769738448 -12.501903847415747 22.500000569968861  1.0000000000000329 -13.080500181886023 -13.017479901332909 22.500000569968861  0.99999999999997091 -12.141689846914554 -13.477507079057395 22.500000569968861  1.0000000000000162 -11.180012035600127 -13.885294644377757 22.500000569968861  0.99999999999999589 -9.2267848715092793 -14.603048445048781 22.500000569968861  1.0000000000000013 -8.2352322533457336 -14.913003944321678 22.500000569968869  1.0000000000000002 -7.2308618859488911 -15.176523318875057 22.500000569968847  0.999999999999997 -6.2157414910364945 -15.396111528680278 22.500000569968876  1.0000000000000031 -5.1919387903270602 -15.57427353371204 22.500000569968851  0.99999999999999756 -4.1615215055386212 -15.71351429394157 22.500000569968865  1.0000000000000009 -1.0566800309789572 -16.021982656545422 22.500000569968858  0.99999999999999989 1.0313838502433468 -16.081968577635589 22.500000569968865  0.99999999999999967 3.1214144193573734 -15.989633489616033 22.500000569968858  1.0000000000000004 5.1971918104428978 -15.738314349489015 22.500000569968865  0.99999999999999889 7.2424961575797653 -15.321348114257368 22.500000569968861  1.0000000000000036 9.241107594847735 -14.732071740923708 22.500000569968861  0.999999999999996 12.144625599099337 -13.579709311044997 22.500000569968861  1.000000000000006 13.096717722558259 -13.150855912945531 22.500000569968865  0.99999999999997724 14.024768071334028 -12.672736970648629 22.500000569968858  1.0000000000000389 14.920462090056819 -12.140827462610702 22.500000569968865  0.99999999999996336 15.775485223356712 -11.550602367288382 22.500000569968861  1.0000000000000195 16.5815229158646 -10.89753666313792 22.500000569968861  0.99999999999999589 18.078951577811228 -9.4567189581621669 22.500000569968861  1.0000000000000004 18.77034969952274 -8.6689753660168449 22.500000569968858  1.0000000000000036 19.395539497402236 -7.8223910177956482 22.500000569968865  0.99999999999999556 19.94560549151014 -6.9254823791147402 22.500000569968858  1.0000000000000031 20.411632201902624 -5.9867659155895128 22.500000569968865  0.999999999999998 20.784704148639982 -5.0147580928361286 22.500000569968861  1.0000000000000011 21.327083311165126 -3.0212817663123306 22.500000569968861  0.99999999999999833 21.496408739278213 -1.9998176917884427 22.500000569968861  1.0000000000000087 21.568248119645038 -0.96258868057171898 22.500000569968858  0.99999999999998967 21.546967435792311 0.081399739664242521 22.500000569968865  1.000000000000006 21.436932671245653 1.123142041246445 22.500000569968858  0.999999999999999 21.242509809532059 2.1536326965012993 22.500000569968861  0.99999999999999867 20.693596454464224 4.1741858105827623 22.500000569968861  1.000000000000004 20.339092312137335 5.164244814244026 22.500000569968854  0.99999999999998379 19.903212320107073 6.1208396164083432 22.500000569968872  1.0000000000000258 19.384616391287878 7.0307666447444639 22.500000569968851  0.99999999999997657 18.781964438588947 7.8808223269213311 22.500000569968865  1.0000000000000129 18.09391637492433 8.6578030906076346 22.500000569968861  0.99999999999999634 16.931813894130762 9.6937906092549806 22.500000569968861  1.0000000000000013 16.522819899092447 10.017514462221973 22.500000569968861  0.99999999999999922 16.094069802046825 10.316630472878925 22.500000569968861  0.99999999999999878 15.647483276953583 10.588092191732244 22.500000569968861  1.000000000000002 15.184979997768476 10.828853169287214 22.500000569968861  0.99999999999999867 14.708479638450958 11.035866956050297 22.500000569968861  1.0000000000000002 13.731240770888396 11.376336283408152 22.500000569968861  0.99999999999999944 13.230498142212415 11.509779271170082 22.500000569968858  1.0000000000000069 12.720547763833681 11.60856213208055 22.500000569968869  0.99999999999998679 12.204263412655674 11.674830932407593 22.500000569968854  1.0000000000000104 11.684518865582005 11.71073173841854 22.500000569968865  0.99999999999999556 11.164187899516254 11.718410616381604 22.500000569968861  1.0000000000000011 9.6099398880584221 11.663215503335376 22.500000569968865  0.99999999999999856 8.582886986216911 11.522090331097717 22.500000569968854  1.000000000000002 7.5621188929079564 11.308276494977703 22.500000569968876  1.0000000000000036 6.5447689152033117 11.053412374102855 22.500000569968847  0.99999999999999101 5.5279703601731072 10.789136347599161 22.500000569968869  1.0000000000000084 4.5088565348892216 10.547086794594204 22.500000569968858  0.99999999999999545 2.9724489383139412 10.264816373805372 22.500000569968865  1.0000000000000044 2.459020036440001 10.184193770743216 22.500000569968858  0.99999999999998646 1.9445696418077876 10.118238332078819 22.500000569968869  1.0000000000000202 1.4293143570824058 10.068151056326144 22.500000569968851  0.9999999999999849 0.9134498617545781 10.035131837371518 22.500000569968869  1.000000000000006 0.39720898730746823 10.020381408388834 22.500000569968861  0.99999999999999956 -0.63542665076851712 10.029825686689637 22.500000569968861  0.99999999999999878 -1.1517766220885435 10.054025715152186 22.500000569968861  1.0000000000000049 -1.6678129127115306 10.096268630186167 22.500000569968861  0.999999999999995 -2.1833301624150616 10.155163762122156 22.500000569968861  1.000000000000002 -2.6981264422449733 10.22933521730887 22.500000569968861  0.999999999999999 -3.2118948371426188 10.31739258285263 22.500000569968861  1.0000000000000011 -4.7485209894792044 10.618912974001864 22.500000569968861  0.99999999999999512 -5.7668373908418786 10.869739438963334 22.500000569968861  1.0000000000000171 -6.7822693760932102 11.137348234214683 22.500000569968858  0.99999999999996825 -7.7982976830401043 11.388785996265243 22.500000569968865  1.0000000000000313 -8.8182346866432031 11.591101740227082 22.500000569968858  0.99999999999998146 -9.8454124449699183 11.711304627996967 22.500000569968861  1.0000000000000058 -10.883151899516111 11.716423802562772 22.500000569968861  1
 -4.6329701189613447e-16 8 3.618104518898452 6 7.2557305202153337 6 14.531494314378799 6 21.807947875202963 6 29.083633402214225 6 36.359931149111929 6 43.637027118529659 6 58.190860696221215 6 65.467552016151174 6 72.743789178093948 6 80.019375889451183 6 87.295583054643075 6 90.932992511802524 6 94.571022400905804 6 101.84790514031195 6 105.48609014412429 6 109.12467856458098 6 116.40161088699381 8
7 1 0  2 3 2  -10.883151899516111 11.716423802562772 1.5  1 -10.883151899516111 11.716423802562772 4.4408920985006262e-16  0.70710678118654757 -10.890551317922284 10.216442053138049 0  1
 0 3 116.40161088699381 3
7 1 0  7 110 19  -10.890551317922284 10.216442053138049 0  1 -11.33559448302436 10.218637453574525 7.7715611723760958e-16  1.0000000000000018 -11.780220714946317 10.196302261297225 -2.886579864025407e-15  0.99999999999998879 -12.220136879367702 10.148163024745308 4.1078251911130792e-15  1.0000000000000209 -12.651065366760678 10.073424419019698 -3.3306690738754696e-15  0.99999999999998057 -13.069048750817382 9.9716278484820524 9.9920072216264089e-16  1.0000000000000104 -13.470754446876663 9.8425100493544644 2.2204460492503131e-16  0.99999999999999734 -14.238870904746477 9.5283681390951447 -1.1102230246251565e-16  1.0000000000000018 -14.616286772610021 9.3384610010993629 3.3306690738754696e-16  0.99999999999999156 -14.984664009923771 9.1178586001806359 -1.5543122344752192e-15  1.000000000000016 -15.342003286297709 8.8688378401220049 1.7763568394002505e-15  0.99999999999998523 -15.685969770871036 8.5941728947527682 -7.7715611723760958e-16  1.0000000000000078 -16.014193998203297 8.2970738960494632 2.2204460492503131e-16  0.99999999999999911 -16.945373874490482 7.3491846226722526 0  0.99999999999999856 -17.494041145857576 6.6425227619385421 -1.6653345369377348e-15  1.0000000000000067 -17.973283128893208 5.8681131667641679 2.55351295663786e-15  0.9999999999999909 -18.382069800776662 5.0355458624628033 -2.4424906541753444e-15  1.0000000000000051 -18.719284263372494 4.1569793567792246 1.6653345369377348e-15  0.999999999999999 -18.985155571380858 3.2463079994257678 -6.6613381477509383e-16  0.99999999999999978 -19.375808266292196 1.388694185408506 1.1102230246251565e-15  0.99999999999999978 -19.499187609504681 0.44866623068307154 -3.1086244689504383e-15  1.0000000000000018 -19.547310937605374 -0.49326980697856371 4.7739590058881731e-15  1.0000000000000022 -19.517725826164131 -1.4278394764144919 -4.9960036108132044e-15  0.99999999999999234 -19.408481876017387 -2.3462546375129012 3.219646771412954e-15  1.0000000000000084 -19.217785410455562 -3.2407052835493722 -6.6613381477509392e-16  0.99999999999999611 -18.66955186906495 -4.96890623239414 -2.2204460492503131e-16  1.0000000000000053 -18.308280984980044 -5.814430797424305 1.1102230246251565e-15  0.99999999999998324 -17.865728811858855 -6.6339236247758535 -2.4424906541753444e-15  1.0000000000000282 -17.348870269891258 -7.418992276892058 2.6645352591003757e-15  0.99999999999997413 -16.765596136502243 -8.1609081846665994 -1.8873791418627661e-15  1.0000000000000144 -16.124541275105109 -8.8511615196092777 8.8817841970012523e-16  0.99999999999999523 -14.74522642312777 -10.112923696304735 -8.8817841970012523e-16  1.0000000000000058 -14.001200749615961 -10.689713196408489 3.8857805861880479e-15  0.99999999999997857 -13.208125362146179 -11.214960686405396 -7.6605388699135801e-15  1.0000000000000329 -12.372474066080425 -11.690527663983669 7.3274719625260332e-15  0.99999999999997091 -11.50159567657486 -12.117997312882242 -3.3306690738754696e-15  1.0000000000000162 -10.603404741831085 -12.499110811331832 6.6613381477509392e-16  0.99999999999999589 -8.768639157911359 -13.173333449338054 -1.1102230246251565e-15  1.0000000000000013 -7.8347603734318341 -13.465399503203344 3.9968028886505635e-15  1.0000000000000002 -6.885967760062484 -13.714560485142451 -7.2164496600635175e-15  0.999999999999997 -5.9239861896317754 -13.922898151124809 7.7715611723760958e-15  1.0000000000000031 -4.9506959148007788 -14.092467446055807 -5.5511151231257827e-15  0.99999999999999756 -3.9680949252071542 -14.225346619789695 1.9984014443252818e-15  1.0000000000000009 -0.99864280486143997 -14.520363947050569 -2.55351295663786e-15  0.99999999999999989 0.99626960776987805 -14.577559331735927 5.3290705182007514e-15  0.99999999999999967 2.9896657377244327 -14.489007130787444 -6.7723604502134549e-15  1.0000000000000004 4.9648508273780632 -14.24913260416268 5.2180482157382357e-15  0.99999999999999889 6.9056047223464612 -13.852738947438493 -1.3322676295501878e-15  1.0000000000000036 8.796541035794295 -13.294693601064736 -6.6613381477509392e-16  0.999999999999996 11.536900648377559 -12.207086271861396 7.7715611723760958e-16  1.000000000000006 12.428819933353882 -11.804971704784895 -2.6645352591003757e-15  0.99999999999997724 13.290907685894197 -11.360071694251902 5.1070259132757201e-15  1.0000000000000389 14.114924351310666 -10.869437839434571 -6.2172489379008766e-15  0.99999999999996336 14.893435194133206 -10.330589351131499 4.6629367034256575e-15  1.0000000000000195 15.620200646693476 -9.7409078487037242 -1.7763568394002505e-15  0.99999999999999589 16.960215763346699 -8.451552599887254 2.1094237467877974e-15  1.0000000000000004 17.580141079062898 -7.7455061181326395 -7.6605388699135801e-15  1.0000000000000036 18.14005131413807 -6.9869472286158985 1.2212453270876722e-14  0.99999999999999556 18.63067156684361 -6.1856903697246111 -1.1879386363489175e-14  1.0000000000000031 19.043610323295226 -5.3518321781740887 6.7723604502134549e-15  0.999999999999998 19.371563999866314 -4.4950958171974102 -1.3322676295501878e-15  1.0000000000000011 19.845457788773132 -2.7533326471777362 -2.2204460492503131e-16  0.99999999999999833 19.994918328132815 -1.8553120263780496 2.9976021664879227e-15  1.0000000000000087 20.059617064380316 -0.93650845930279436 -6.5503158452884236e-15  0.99999999999998967 20.04159353108739 -0.0050787803884571048 6.9944050551384862e-15  1.000000000000006 19.943383257113812 0.92973714603505098 -3.7747582837255322e-15  0.999999999999999 19.768399949828236 1.8582088936972569 6.6613381477509392e-16  0.99999999999999867 19.272637790301403 3.6831121612668225 1.1102230246251565e-16  1.000000000000004 18.953617451001357 4.5729754722173892 -2.886579864025407e-15  0.99999999999998379 18.563787651791522 5.4262619016620928 5.3290705182007514e-15  1.0000000000000258 18.104058488059586 6.2291941525906918 -5.3290705182007514e-15  0.99999999999997657 17.576495500245883 6.9698405894462727 2.1094237467877974e-15  1.0000000000000129 16.982837645638799 7.6387905160592844 -1.1102230246251565e-16  0.99999999999999634 15.990097309826531 8.5237955944900534 -1.1102230246251565e-16  1.0000000000000013 15.641661053386871 8.7995078351931859 1.3322676295501878e-15  0.99999999999999922 15.278155463593007 9.0527848055745093 -2.1094237467877974e-15  0.99999999999999878 14.902289029150548 9.2807452436493563 2.6645352591003757e-15  1.000000000000002 14.516773317399867 9.4808646384269863 -2.4424906541753444e-15  0.99999999999999867 14.124113135435145 9.6510298994092825 1.2212453270876722e-15  1.0000000000000002 13.328612408611527 9.9281817876164489 -8.8817841970012523e-16  0.99999999999999944 12.915549193834252 10.038731331333688 9.9920072216264089e-16  1.0000000000000069 12.488756892459005 10.122060836494082 -9.9920072216264089e-16  0.99999999999998679 12.050633687162115 10.178936258570465 -3.3306690738754696e-16  1.0000000000000104 11.604159137598222 10.210225822767198 1.3322676295501878e-15  0.99999999999999556 11.152627220271588 10.217054517522858 -6.6613381477509392e-16  1.0000000000000011 9.7927811351919694 10.168763087945285 1.6653345369377348e-15  0.99999999999999856 8.8634901797727963 10.044248985034077 -7.7715611723760958e-15  1.000000000000002 7.9028868508542196 9.8470685011274028 1.4988010832439613e-14  1.0000000000000036 6.9141631600988029 9.6001990969299236 -1.6209256159527285e-14  0.99999999999999101 5.8967204076672779 9.3353286115028222 1.0325074129013956e-14  1.0000000000000084 4.8453665502079533 9.0838057866492843 -3.5527136788005009e-15  0.99999999999999545 3.2107640205957297 8.7834948894077964 1.8873791418627661e-15  1.0000000000000044 2.6623351527526311 8.6973256059265953 -4.9960036108132044e-15  0.99999999999998646 2.1098086162835523 8.6263149406091699 9.5479180117763462e-15  1.0000000000000202 1.553197673615019 8.5720145409130009 -1.1435297153639112e-14  0.9999999999999849 0.9931267025493774 8.5360807145102822 7.4384942649885488e-15  1.000000000000006 0.43091833353473014 8.5200564136129255 -1.7763568394002505e-15  0.99999999999999956 -0.69361950285399798 8.5302505901346848 -1.1102230246251565e-16  0.99999999999999878 -1.255930427506037 8.5564726983309196 1.3322676295501878e-15  1.0000000000000049 -1.8161579136284676 8.6023583779083843 -1.8873791418627661e-15  0.999999999999995 -2.3728669236529147 8.6661482335303219 1.5543122344752192e-15  1.000000000000002 -2.925140325796721 8.7459462201895892 -9.9920072216264089e-16  0.999999999999999 -3.4724375640272442 8.8398812229006651 2.2204460492503131e-16  1.0000000000000011 -5.0984484317613132 9.1590363139746369 -4.4408920985006262e-16  0.99999999999999512 -6.1426050433437451 9.4179415187662272 1.6653345369377348e-15  1.0000000000000171 -7.1514994404020937 9.683941113325476 -3.9968028886505635e-15  0.99999999999996825 -8.130546085483795 9.9251307661434556 4.5519144009631418e-15  1.0000000000000313 -9.0795740490511836 10.108258098498389 -2.886579864025407e-15  0.99999999999998146 -9.9954558401425935 10.212026542111921 9.9920072216264089e-16  1.0000000000000058 -10.890551317922284 10.216442053138049 0  1
 -4.6329701189613447e-16 8 3.618104518898452 6 7.2557305202153337 6 14.531494314378799 6 21.807947875202963 6 29.083633402214225 6 36.359931149111929 6 43.637027118529659 6 58.190860696221215 6 65.467552016151174 6 72.743789178093948 6 80.019375889451183 6 87.295583054643075 6 90.932992511802524 6 94.571022400905804 6 101.84790514031195 6 105.48609014412429 6 109.12467856458098 6 116.40161088699381 8
7 1 0  2 3 2  -10.883151899516111 11.716423802562772 22.500000569968861  1 -10.883151899516111 11.716423802562772 24.000000569968861  0.70710678118654757 -10.890551317922284 10.216442053138049 24.000000569968861  1
 0 3 116.40161088699381 3
7 1 0  7 110 19  -10.890551317922284 10.216442053138049 24.000000569968861  1 -11.33559448302436 10.218637453574525 24.000000569968861  1.0000000000000018 -11.780220714946317 10.196302261297225 24.000000569968861  0.99999999999998879 -12.220136879367702 10.148163024745308 24.000000569968865  1.0000000000000209 -12.651065366760678 10.073424419019698 24.000000569968858  0.99999999999998057 -13.069048750817382 9.9716278484820524 24.000000569968865  1.0000000000000104 -13.470754446876663 9.8425100493544644 24.000000569968861  0.99999999999999734 -14.238870904746477 9.5283681390951447 24.000000569968861  1.0000000000000018 -14.616286772610021 9.3384610010993629 24.000000569968858  0.99999999999999156 -14.984664009923771 9.1178586001806359 24.000000569968869  1.000000000000016 -15.342003286297709 8.8688378401220049 24.000000569968854  0.99999999999998523 -15.685969770871036 8.5941728947527682 24.000000569968865  1.0000000000000078 -16.014193998203297 8.2970738960494632 24.000000569968861  0.99999999999999911 -16.945373874490482 7.3491846226722526 24.000000569968861  0.99999999999999856 -17.494041145857576 6.6425227619385421 24.000000569968861  1.0000000000000067 -17.973283128893208 5.8681131667641679 24.000000569968861  0.9999999999999909 -18.382069800776662 5.0355458624628033 24.000000569968865  1.0000000000000051 -18.719284263372494 4.1569793567792246 24.000000569968858  0.999999999999999 -18.985155571380858 3.2463079994257678 24.000000569968861  0.99999999999999978 -19.375808266292196 1.388694185408506 24.000000569968861  0.99999999999999978 -19.499187609504681 0.44866623068307154 24.000000569968865  1.0000000000000018 -19.547310937605374 -0.49326980697856371 24.000000569968854  1.0000000000000022 -19.517725826164131 -1.4278394764144919 24.000000569968869  0.99999999999999234 -19.408481876017387 -2.3462546375129012 24.000000569968858  1.0000000000000084 -19.217785410455562 -3.2407052835493722 24.000000569968861  0.99999999999999611 -18.66955186906495 -4.96890623239414 24.000000569968861  1.0000000000000053 -18.308280984980044 -5.814430797424305 24.000000569968865  0.99999999999998324 -17.865728811858855 -6.6339236247758535 24.000000569968858  1.0000000000000282 -17.348870269891258 -7.418992276892058 24.000000569968865  0.99999999999997413 -16.765596136502243 -8.1609081846665994 24.000000569968858  1.0000000000000144 -16.124541275105109 -8.8511615196092777 24.000000569968861  0.99999999999999523 -14.74522642312777 -10.112923696304735 24.000000569968861  1.0000000000000058 -14.001200749615961 -10.689713196408489 24.000000569968861  0.99999999999997857 -13.208125362146179 -11.214960686405396 24.000000569968861  1.0000000000000329 -12.372474066080425 -11.690527663983669 24.000000569968861  0.99999999999997091 -11.50159567657486 -12.117997312882242 24.000000569968861  1.0000000000000162 -10.603404741831085 -12.499110811331832 24.000000569968861  0.99999999999999589 -8.768639157911359 -13.173333449338054 24.000000569968861  1.0000000000000013 -7.8347603734318341 -13.465399503203344 24.000000569968854  1.0000000000000002 -6.885967760062484 -13.714560485142451 24.000000569968876  0.999999999999997 -5.9239861896317754 -13.922898151124809 24.000000569968847  1.0000000000000031 -4.9506959148007788 -14.092467446055807 24.000000569968872  0.99999999999999756 -3.9680949252071542 -14.225346619789695 24.000000569968858  1.0000000000000009 -0.99864280486143997 -14.520363947050569 24.000000569968865  0.99999999999999989 0.99626960776987805 -14.577559331735927 24.000000569968858  0.99999999999999967 2.9896657377244327 -14.489007130787444 24.000000569968865  1.0000000000000004 4.9648508273780632 -14.24913260416268 24.000000569968858  0.99999999999999889 6.9056047223464612 -13.852738947438493 24.000000569968861  1.0000000000000036 8.796541035794295 -13.294693601064736 24.000000569968861  0.999999999999996 11.536900648377559 -12.207086271861396 24.000000569968861  1.000000000000006 12.428819933353882 -11.804971704784895 24.000000569968858  0.99999999999997724 13.290907685894197 -11.360071694251902 24.000000569968865  1.0000000000000389 14.114924351310666 -10.869437839434571 24.000000569968858  0.99999999999996336 14.893435194133206 -10.330589351131499 24.000000569968861  1.0000000000000195 15.620200646693476 -9.7409078487037242 24.000000569968861  0.99999999999999589 16.960215763346699 -8.451552599887254 24.000000569968861  1.0000000000000004 17.580141079062898 -7.7455061181326395 24.000000569968865  1.0000000000000036 18.14005131413807 -6.9869472286158985 24.000000569968858  0.99999999999999556 18.63067156684361 -6.1856903697246111 24.000000569968865  1.0000000000000031 19.043610323295226 -5.3518321781740887 24.000000569968858  0.999999999999998 19.371563999866314 -4.4950958171974102 24.000000569968861  1.0000000000000011 19.845457788773132 -2.7533326471777362 24.000000569968861  0.99999999999999833 19.994918328132815 -1.8553120263780496 24.000000569968861  1.0000000000000087 20.059617064380316 -0.93650845930279436 24.000000569968865  0.99999999999998967 20.04159353108739 -0.0050787803884571048 24.000000569968858  1.000000000000006 19.943383257113812 0.92973714603505098 24.000000569968865  0.999999999999999 19.768399949828236 1.8582088936972569 24.000000569968861  0.99999999999999867 19.272637790301403 3.6831121612668225 24.000000569968861  1.000000000000004 18.953617451001357 4.5729754722173892 24.000000569968869  0.99999999999998379 18.563787651791522 5.4262619016620928 24.000000569968851  1.0000000000000258 18.104058488059586 6.2291941525906918 24.000000569968872  0.99999999999997657 17.576495500245883 6.9698405894462727 24.000000569968858  1.0000000000000129 16.982837645638799 7.6387905160592844 24.000000569968861  0.99999999999999634 15.990097309826531 8.5237955944900534 24.000000569968861  1.0000000000000013 15.641661053386869 8.7995078351931859 24.000000569968861  0.99999999999999922 15.278155463593004 9.0527848055745093 24.000000569968861  0.99999999999999878 14.902289029150561 9.2807452436493563 24.000000569968861  1.000000000000002 14.516773317399851 9.4808646384269863 24.000000569968861  0.99999999999999867 14.124113135435156 9.6510298994092825 24.000000569968861  1.0000000000000002 13.328612408611503 9.9281817876164489 24.000000569968861  0.99999999999999944 12.915549193834346 10.038731331333681 24.000000569968865  1.0000000000000069 12.488756892458857 10.122060836494093 24.000000569968854  0.99999999999998679 12.050633687162264 10.178936258570456 24.000000569968869  1.0000000000000104 11.604159137598131 10.210225822767203 24.000000569968858  0.99999999999999556 11.152627220271604 10.217054517522856 24.000000569968861  1.0000000000000011 9.792781135191964 10.168763087945294 24.000000569968858  0.99999999999999856 8.8634901797727679 10.044248985034057 24.000000569968869  1.000000000000002 7.9028868508542924 9.8470685011274259 24.000000569968847  1.0000000000000036 6.9141631600987221 9.6001990969298951 24.000000569968876  0.99999999999999101 5.8967204076673223 9.3353286115028435 24.000000569968854  1.0000000000000084 4.8453665502079417 9.0838057866492772 24.000000569968865  0.99999999999999545 3.2107640205957293 8.7834948894077947 24.000000569968858  1.0000000000000044 2.662335152752644 8.6973256059266166 24.000000569968865  0.99999999999998646 2.1098086162835274 8.6263149406091433 24.000000569968854  1.0000000000000202 1.5531976736150443 8.5720145409130275 24.000000569968872  0.9999999999999849 0.99312670254936286 8.5360807145102573 24.000000569968854  1.000000000000006 0.43091833353473519 8.5200564136129362 24.000000569968861  0.99999999999999956 -0.69361950285400376 8.5302505901346812 24.000000569968861  0.99999999999999878 -1.2559304275060232 8.5564726983309338 24.000000569968861  1.0000000000000049 -1.8161579136284871 8.6023583779083648 24.000000569968861  0.999999999999995 -2.3728669236529027 8.6661482335303468 24.000000569968861  1.000000000000002 -2.925140325796721 8.7459462201895679 24.000000569968861  0.999999999999999 -3.4724375640272496 8.839881222900674 24.000000569968861  1.0000000000000011 -5.098448431761291 9.159036313974628 24.000000569968861  0.99999999999999512 -6.1426050433438135 9.4179415187662539 24.000000569968861  1.0000000000000171 -7.1514994404019996 9.6839411133254263 24.000000569968865  0.99999999999996825 -8.130546085483866 9.9251307661435 24.000000569968858  1.0000000000000313 -9.0795740490511552 10.108258098498379 24.000000569968865  0.99999999999998146 -9.9954558401425988 10.212026542111916 24.000000569968861  1.0000000000000058 -10.890551317922284 10.216442053138049 24.000000569968861  1
 -4.6329701189613447e-16 8 3.618104518898452 6 7.2557305202153337 6 14.531494314378799 6 21.807947875202963 6 29.083633402214225 6 36.359931149111929 6 43.637027118529659 6 58.190860696221215 6 65.467552016151174 6 72.743789178093948 6 80.019375889451183 6 87.295583054643075 6 90.932992511802524 6 94.571022400905804 6 101.84790514031195 6 105.48609014412429 6 109.12467856458098 6 116.40161088699381 8
2 -15.000000032252949 -4.9102436001646765e-06 0 0 0 1 1 0 -0 -0 1 0 0.49973633135692447
2 15.000000032252956 4.9102436001646765e-06 0 0 0 1 1 0 -0 -0 1 0 0.49973197440359962
2 -15.000000032252949 -4.9102436001646765e-06 24.000000569968861 0 0 -1 1 0 0 0 -1 0 0.49973633135692447
2 15.000000032252956 4.9102436001646765e-06 24.000000569968861 0 0 -1 1 0 0 0 -1 0 0.49973197440359962
1 -14.500263700896024 -4.9102436001646765e-06 0 0 0 1 
1 15.499732006656556 4.9102436001646765e-06 0 0 0 1 
Polygon3D 0
PolygonOnTriangulations 0
Surfaces 7
6 -0 -0 -1 
7 0 1  3 18 19  -4.9405343136053332 10.478161693924132 0  -9.6289200949576355 12.110959386140205 0  -14.538063149140541 11.334898315147523 0  -18.561836738392806 8.4510566874778412 0  -21.201070345558151 2.7296606056537769 0  -21.052281183125338 -4.7579150528401328 0  -16.830838301847564 -11.04722573450514 0  -10.307388915126268 -14.586793732542693 0  -0.77541444345707333 -16.566066164557391 0  9.1386090720659325 -15.486527829328793 0  17.731226513205485 -10.648740226077646 0  21.768877242214302 -4.1915920431871108 0  21.528212788864892 3.3058795086584105 0  18.526738318864915 8.8444494034333623 0  14.304263684450689 11.463754262642123 0  9.4050758032808943 12.022180981996943 0  4.6977922938027419 10.389952680303825 0  -0.11848972950026138 9.8887885772169888 0 
 0 1 0.031082941991335645 1 0.062333591991775919 1 0.12483928876625609 1 0.18735091128914683 1 0.24985593567471756 1 0.31236621960851768 1 0.37488336102920261 1 0.49991456520919336 1 0.56242823030781808 1 0.62493799375951775 1 0.68744216922510126 1 0.74995167497632198 1 0.78120046465751258 1 0.81245458443627738 1 0.87496989400936198 1 0.90622534637027818 1 0.93748426446196276 1 1 1
9 1 1 0 0 2 7 3 110 2 19 -10.883151899516111 11.716423802562772 1.5  1 -11.399117919753582 11.718969065842527 1.5  1.0000000000000018 -11.917694992732384 11.693064339083385 1.5000000000000011  0.99999999999998879 -12.435221602091191 11.636922385763112 1.4999999999999991  1.0000000000000209 -12.948036231468745 11.548755969359195 1.5000000000000002  0.99999999999998057 -13.452477364503844 11.426777853349533 1.5  1.0000000000000104 -13.94488348483514 11.269200801211618 1.4999999999999998  0.99999999999999734 -14.900874753899712 10.878222427583097 1.5000000000000013  1.0000000000000018 -15.364290064444042 10.644416583549473 1.4999999999999969  0.99999999999999156 -15.810446187307203 10.376356773036186 1.500000000000006  1.000000000000016 -16.237950302061837 10.077579724756898 1.4999999999999956  0.99999999999998523 -16.645409588280764 9.7516221674256389 1.5000000000000013  1.0000000000000078 -17.031431225536682 9.4020208297560153 1.5  0.99999999999999911 -18.121055827889673 8.2928436461848687 1.5000000000000004  0.99999999999999856 -18.756154535939388 7.4729353292596876 1.4999999999999991  1.0000000000000067 -19.302396736106523 6.5857143233291584 1.5000000000000009  0.9999999999999909 -19.7622606469453 5.6443074620376903 1.5  1.0000000000000051 -20.138224487011055 4.6618415790273211 1.4999999999999996  0.999999999999999 -20.432766474858258 3.6514435079424645 1.5000000000000007  0.99999999999999978 -20.863983622667643 1.6009394642071748 1.4999999999999991  0.99999999999999978 -21.000643813681467 0.56083068423003102 1.5000000000000036  1.0000000000000018 -21.054741706403536 -0.48541718651630794 1.4999999999999938  1.0000000000000022 -21.022673605157909 -1.5291350770417895 1.500000000000008  0.99999999999999234 -20.900835814263193 -2.561653916357435 1.4999999999999947  1.0000000000000084 -20.685624638043734 -3.574304633473238 1.5000000000000022  0.99999999999999611 -20.061281075243823 -5.5424278075842892 1.4999999999999978  1.0000000000000053 -19.65216915955569 -6.49790628849538 1.5000000000000078  0.99999999999998324 -19.154532088422599 -7.4174667040382225 1.4999999999999887  1.0000000000000282 -18.576801316512928 -8.2937221581171077 1.5000000000000111  0.99999999999997413 -17.927408298493962 -9.1192857546372146 1.4999999999999938  1.0000000000000144 -17.21478448903369 -9.8867705975029594 1.5000000000000013  0.99999999999999523 -15.679873620972545 -11.290868055847593 1.5000000000000013  1.0000000000000058 -14.857577339692662 -11.927469653516733 1.4999999999999938  0.99999999999997857 -13.988457769738448 -12.501903847415747 1.5000000000000107  1.0000000000000329 -13.080500181886023 -13.017479901332909 1.4999999999999907  0.99999999999997091 -12.141689846914554 -13.477507079057395 1.5000000000000051  1.0000000000000162 -11.180012035600127 -13.885294644377757 1.4999999999999987  0.99999999999999589 -9.2267848715092793 -14.603048445048781 1.5000000000000018  1.0000000000000013 -8.2352322533457336 -14.913003944321678 1.4999999999999944  1.0000000000000002 -7.2308618859488911 -15.176523318875057 1.5000000000000102  0.999999999999997 -6.2157414910364945 -15.396111528680278 1.4999999999999905  1.0000000000000031 -5.1919387903270602 -15.57427353371204 1.5000000000000058  0.99999999999999756 -4.1615215055386212 -15.71351429394157 1.4999999999999987  1.0000000000000009 -1.0566800309789572 -16.021982656545422 1.5000000000000018  0.99999999999999989 1.0313838502433468 -16.081968577635589 1.4999999999999996  0.99999999999999967 3.1214144193573734 -15.989633489616033 1.4999999999999978  1.0000000000000004 5.1971918104428978 -15.738314349489015 1.5000000000000024  0.99999999999999889 7.2424961575797653 -15.321348114257368 1.4999999999999996  1.0000000000000036 9.241107594847735 -14.732071740923708 1.5000000000000002  0.999999999999996 12.144625599099337 -13.579709311044997 1.5000000000000004  1.000000000000006 13.096717722558259 -13.150855912945531 1.499999999999998  0.99999999999997724 14.024768071334028 -12.672736970648629 1.5000000000000036  1.0000000000000389 14.920462090056819 -12.140827462610702 1.4999999999999976  0.99999999999996336 15.775485223356712 -11.550602367288382 1.5000000000000016  1.0000000000000195 16.5815229158646 -10.89753666313792 1.5000000000000004  0.99999999999999589 18.078951577811228 -9.4567189581621669 1.4999999999999991  1.0000000000000004 18.77034969952274 -8.6689753660168449 1.5000000000000044  1.0000000000000036 19.395539497402236 -7.8223910177956482 1.4999999999999936  0.99999999999999556 19.94560549151014 -6.9254823791147402 1.5000000000000069  1.0000000000000031 20.411632201902624 -5.9867659155895128 1.4999999999999956  0.999999999999998 20.784704148639982 -5.0147580928361286 1.5000000000000011  1.0000000000000011 21.327083311165126 -3.0212817663123306 1.4999999999999989  0.99999999999999833 21.496408739278213 -1.9998176917884427 1.5000000000000013  1.0000000000000087 21.568248119645038 -0.96258868057171898 1.5000000000000004  0.99999999999998967 21.546967435792311 0.081399739664242521 1.4999999999999984  1.000000000000006 21.436932671245653 1.123142041246445 1.5000000000000009  0.999999999999999 21.242509809532059 2.1536326965012993 1.5  0.99999999999999867 20.693596454464224 4.1741858105827623 1.5000000000000004  1.000000000000004 20.339092312137335 5.164244814244026 1.4999999999999991  0.99999999999998379 19.903212320107073 6.1208396164083432 1.500000000000002  1.0000000000000258 19.384616391287871 7.0307666447444639 1.4999999999999991  0.99999999999997657 18.781964438588954 7.8808223269213311 1.5000000000000007  1.0000000000000129 18.093916374924326 8.6578030906076346 1.4999999999999996  0.99999999999999634 16.931813894130766 9.6937906092549806 1.5000000000000007  1.0000000000000013 16.52281989909244 10.017514462221973 1.5000000000000004  0.99999999999999922 16.094069802046835 10.316630472878925 1.4999999999999973  0.99999999999999878 15.647483276953574 10.588092191732244 1.5000000000000027  1.000000000000002 15.184979997768481 10.828853169287214 1.4999999999999989  0.99999999999999867 14.708479638450958 11.035866956050297 1.5000000000000002  1.0000000000000002 13.731240770888395 11.376336283408152 1.4999999999999987  0.99999999999999944 13.230498142212438 11.50977927117008 1.5000000000000062  1.0000000000000069 12.720547763833636 11.608562132080557 1.4999999999999898  0.99999999999998679 12.204263412655717 11.674830932407588 1.5000000000000098  1.0000000000000104 11.684518865581989 11.71073173841854 1.499999999999994  0.99999999999999556 11.164187899516255 11.718410616381608 1.5000000000000013  1.0000000000000011 9.6099398880584239 11.663215503335364 1.4999999999999978  0.99999999999999856 8.582886986216927 11.522090331097747 1.5000000000000069  1.000000000000002 7.5621188929079191 11.308276494977649 1.499999999999988  1.0000000000000036 6.5447689152033499 11.053412374102908 1.500000000000012  0.99999999999999101 5.5279703601731001 10.789136347599127 1.4999999999999929  1.0000000000000084 4.5088565348892207 10.547086794594215 1.5000000000000024  0.99999999999999545 2.9724489383139403 10.26481637380537 1.4999999999999991  1.0000000000000044 2.4590200364400072 10.184193770743223 1.5000000000000011  0.99999999999998646 1.9445696418077649 10.118238332078784 1.4999999999999978  1.0000000000000202 1.4293143570824225 10.068151056326196 1.5000000000000036  0.9999999999999849 0.91344986175456244 10.03513183737147 1.4999999999999973  1.000000000000006 0.39720898730746923 10.020381408388845 1.5000000000000009  0.99999999999999956 -0.63542665076851723 10.029825686689628 1.4999999999999998  0.99999999999999878 -1.1517766220885459 10.054025715152195 1.5000000000000022  1.0000000000000049 -1.6678129127115162 10.096268630186165 1.4999999999999967  0.999999999999995 -2.1833301624150643 10.155163762122132 1.5000000000000044  1.000000000000002 -2.6981264422449627 10.229335217308902 1.4999999999999971  0.999999999999999 -3.2118948371426321 10.317392582852618 1.5000000000000007  1.0000000000000011 -4.7485209894792142 10.618912974001889 1.5000000000000016  0.99999999999999512 -5.7668373908418253 10.869739438963295 1.4999999999999925  1.0000000000000171 -6.7822693760932893 11.137348234214731 1.5000000000000142  0.99999999999996825 -7.7982976830400776 11.388785996265208 1.4999999999999851  1.0000000000000313 -8.8182346866431907 11.591101740227099 1.5000000000000102  0.99999999999998146 -9.8454124449699325 11.711304627996959 1.4999999999999967  1.0000000000000058 -10.883151899516111 11.716423802562772 1.5  1 
-10.883151899516111 11.716423802562771 4.4408920985006262e-16  0.70710678118654757 -11.399117919753634 11.718969065842531 -3.3306690738754696e-16  0.70710678118654813 -11.917694992732255 11.693064339083374 2.55351295663786e-15  0.70710678118654147 -12.435221602091334 11.636922385763123 -2.6645352591003757e-15  0.70710678118656012 -12.948036231468668 11.54875596935919 3.3306690738754696e-15  0.70710678118653558 -13.452477364503867 11.426777853349551 -1.2212453270876722e-15  0.70710678118655435 -13.944883484835142 11.26920080121161 1.4432899320127035e-15  0.70710678118654535 -14.900874753899716 10.878222427583118 -1.2212453270876722e-15  0.70710678118654968 -15.364290064444017 10.644416583549431 7.7715611723760958e-15  0.70710678118653825 -15.810446187307278 10.37635677303626 -1.2101430968414206e-14  0.707106781186564 -16.237950302061734 10.077579724756834 1.3766765505351941e-14  0.70710678118653281 -16.645409588280842 9.7516221674257064 -8.1046280797636427e-15  0.70710678118655468 -17.03143122553665 9.4020208297559833 2.886579864025407e-15  0.70710678118654713 -18.121055827889709 8.2928436461849309 -2.6645352591003757e-15  0.70710678118654491 -18.756154535939309 7.4729353292595171 7.7715611723760958e-15  0.70710678118655779 -19.302396736106651 6.5857143233294089 -1.1324274851176597e-14  0.70710678118653225 -19.76226064694513 5.6443074620374762 1.3322676295501878e-14  0.70710678118656045 -20.138224487011176 4.6618415790274241 -7.3274719625260332e-15  0.70710678118654136 -20.432766474858205 3.651443507942437 2.886579864025407e-15  0.70710678118654913 -20.863983622667753 1.6009394642071944 -2.2204460492503131e-15  0.70710678118654546 -21.000643813681084 0.56083068422998972 8.659739592076221e-15  0.70710678118655423 -21.054741706404258 -0.48541718651625865 -1.3766765505351941e-14  0.70710678118653936 -21.022673605157078 -1.5291350770418239 1.5765166949677223e-14  0.70710678118655412 -20.900835814263754 -2.5616539163574221 -8.659739592076221e-15  0.70710678118654513 -20.685624638043578 -3.5743046334732407 2.9976021664879227e-15  0.70710678118654724 -20.061281075243929 -5.5424278075842865 -1.7763568394002505e-15  0.70710678118654957 -19.652169159555406 -6.4979062884953915 6.3282712403633923e-15  0.70710678118654036 -19.154532088423004 -7.4174667040382065 -8.1046280797636427e-15  0.70710678118656045 -18.576801316512558 -8.2937221581171165 9.2148511043887993e-15  0.70710678118653592 -17.927408298494154 -9.1192857546372057 -4.8849813083506888e-15  0.7071067811865539 -17.214784489033669 -9.8867705975029665 1.7763568394002505e-15  0.70710678118654491 -15.679873620972499 -11.290868055847566 5.5511151231257827e-16  0.7071067811865519 -14.857577339692854 -11.927469653516839 -2.1094237467877974e-15  0.70710678118652992 -13.988457769738121 -12.501903847415575 5.5511151231257827e-15  0.70710678118657466 -13.080500181886315 -13.017479901333035 -3.8857805861880479e-15  0.70710678118652504 -12.141689846914421 -13.477507079057345 1.6653345369377348e-15  0.70710678118655856 -11.180012035600157 -13.88529464437778 4.4408920985006262e-16  0.70710678118654491 -9.2267848715092651 -14.603048445048746 2.2204460492503131e-16  0.70710678118654891 -8.2352322533457265 -14.913003944321829 2.886579864025407e-15  0.70710678118654613 -7.2308618859489364 -15.176523318874752 -5.440092820663267e-15  0.70710678118654691 -6.2157414910364137 -15.39611152868062 7.8825834748386114e-15  0.70710678118654946 -5.191938790327125 -15.574273533711818 -4.1078251911130792e-15  0.70710678118654602 -4.1615215055386097 -15.71351429394163 1.1102230246251565e-15  0.70710678118654768 -1.0566800309789646 -16.02198265654534 1.9984014443252818e-15  0.70710678118654913 1.0313838502433681 -16.081968577635777 -7.3274719625260332e-15  0.70710678118654213 3.1214144193573277 -15.989633489615786 1.4099832412739488e-14  0.70710678118655534 5.1971918104429502 -15.738314349489194 -1.2878587085651816e-14  0.70710678118654047 7.2424961575797431 -15.32134811425729 7.1054273576010019e-15  0.70710678118655235 9.2411075948477546 -14.732071740923722 -5.5511151231257827e-16  0.7071067811865448 12.144625599099308 -13.579709311044995 -3.3306690738754696e-16  0.70710678118655124 13.096717722558397 -13.150855912945534 5.1070259132757201e-15  0.7071067811865327 14.024768071333906 -12.672736970648668 -7.9936057773011271e-15  0.70710678118657233 14.92046209005685 -12.140827462610607 9.4368957093138306e-15  0.7071067811865257 15.775485223356739 -11.550602367288452 -4.6629367034256575e-15  0.70710678118655823 16.581522915864582 -10.897536663137902 1.4432899320127035e-15  0.7071067811865458 18.078951577811274 -9.4567189581621882 6.6613381477509392e-16  0.7071067811865468 18.770349699522544 -8.668975366016781 -2.2204460492503131e-16  0.70710678118655523 19.395539497402584 -7.8223910177957245 2.1094237467877974e-15  0.70710678118653558 19.945605491509756 -6.9254823791146896 -1.3322676295501878e-15  0.70710678118655934 20.411632201902865 -5.986765915589535 1.1102230246251565e-15  0.70710678118653991 20.784704148639918 -5.0147580928361268 8.8817841970012523e-16  0.70710678118655013 21.327083311165165 -3.0212817663123279 -4.4408920985006262e-16  0.70710678118654524 21.496408739278142 -1.9998176917884505 3.9968028886505635e-15  0.70710678118655501 21.568248119645162 -0.9625886805717252 -6.6613381477509392e-15  0.70710678118653758 21.54696743579213 0.081399739664266946 8.659739592076221e-15  0.70710678118655523 21.43693267124582 1.1231420412464272 -5.2180482157382357e-15  0.70710678118654346 21.242509809531967 2.1536326965012993 2.6645352591003757e-15  0.70710678118654846 20.693596454464348 4.174185810582772 -1.6653345369377348e-15  0.70710678118654835 20.339092312136902 5.1642448142439514 7.9936057773011271e-15  0.7071067811865438 19.903212320107727 6.1208396164084604 -1.2101430968414206e-14  0.70710678118655423 19.384616391287267 7.0307666447443538 1.4543921622589551e-14  0.7071067811865428 18.781964438589323 7.8808223269214004 -9.4368957093138306e-15  0.70710678118654857 18.093916374924209 8.6578030906076098 3.4416913763379853e-15  0.70710678118654768 16.931813894130851 9.6937906092549877 -7.7715611723760958e-16  0.70710678118654713 16.522819899092109 10.017514462221941 4.2188474935755949e-15  0.70710678118655224 16.094069802047372 10.316630472879003 -5.5511151231257827e-15  0.70710678118653747 15.647483276953096 10.588092191732146 5.8841820305133297e-15  0.7071067811865569 15.184979997768712 10.828853169287258 -1.7763568394002505e-15  0.70710678118654335 14.708479638450909 11.035866956050283 8.8817841970012523e-16  0.70710678118654824 13.731240770888427 11.376336283408163 7.7715611723760958e-16  0.70710678118654713 13.230498142212376 11.509779271170038 -1.8873791418627661e-15  0.70710678118655246 12.720547763833736 11.608562132080639 4.9960036108132044e-15  0.70710678118653802 12.204263412655592 11.674830932407467 -5.3290705182007514e-15  0.70710678118655523 11.684518865582103 11.710731738418643 4.5519144009631418e-15  0.7071067811865438 11.164187899516218 11.718410616381576 -6.6613381477509392e-16  0.70710678118654857 9.609939888058463 11.66321550333541 9.9920072216264089e-16  0.70710678118654624 8.5828869862168347 11.522090331097647 2.4424906541753444e-15  0.70710678118655057 7.5621188929080514 11.308276494977781 -4.2188474935755949e-15  0.70710678118654668 6.5447689152032185 11.053412374102814 5.2180482157382357e-15  0.70710678118654458 5.5279703601731791 10.789136347599175 -1.7763568394002505e-15  0.70710678118655168 4.5088565348891994 10.54708679459419 1.1102230246251565e-15  0.70710678118654546 2.9724489383139492 10.264816373805399 -1.1102230246251565e-15  0.70710678118654913 2.459020036439993 10.184193770743118 7.6605388699135801e-15  0.7071067811865438 1.9445696418077825 10.118238332078985 -1.1879386363489175e-14  0.70710678118655135 1.4293143570824067 10.068151056325975 1.1435297153639112e-14  0.70710678118654802 0.91344986175456955 10.035131837371603 -4.4408920985006262e-15  0.70710678118654513 0.39720898730747611 10.020381408388824 1.7763568394002505e-15  0.70710678118654879 -0.63542665076851756 10.029825686689632 -1.8873791418627661e-15  0.7071067811865458 -1.1517766220885264 10.054025715152221 7.2164496600635175e-15  0.70710678118655257 -1.6678129127115522 10.096268630186108 -8.3266726846886741e-15  0.70710678118654313 -2.1833301624150305 10.155163762122195 7.1054273576010019e-15  0.70710678118654902 -2.6981264422449867 10.229335217308861 -2.55351295663786e-15  0.70710678118654746 -3.2118948371426179 10.317392582852642 8.8817841970012523e-16  0.70710678118654768 -4.7485209894792231 10.618912974001827 7.7715611723760958e-16  0.70710678118654602 -5.7668373908417925 10.869739438963482 -4.4408920985006262e-16  0.7071067811865539 -6.7822693760933879 11.137348234214443 8.8817841970012523e-16  0.70710678118653392 -7.7982976830399284 11.388785996265472 1.3322676295501878e-15  0.70710678118656212 -8.8182346866432937 11.591101740226941 -7.7715611723760958e-16  0.70710678118653825 -9.8454124449698952 11.711304627997016 9.9920072216264089e-16  0.70710678118655057 -10.883151899516131 11.716423802562776 4.4408920985006262e-16  0.70710678118654757 
-10.890551317922284 10.216442053138049 0  1 -11.33559448302436 10.218637453574525 7.7715611723760958e-16  1.0000000000000018 -11.780220714946317 10.196302261297225 -2.886579864025407e-15  0.99999999999998879 -12.220136879367702 10.148163024745308 4.1078251911130792e-15  1.0000000000000209 -12.651065366760678 10.073424419019698 -3.3306690738754696e-15  0.99999999999998057 -13.069048750817382 9.9716278484820524 9.9920072216264089e-16  1.0000000000000104 -13.470754446876663 9.8425100493544644 2.2204460492503131e-16  0.99999999999999734 -14.238870904746477 9.5283681390951447 -1.1102230246251565e-16  1.0000000000000018 -14.616286772610021 9.3384610010993629 3.3306690738754696e-16  0.99999999999999156 -14.984664009923771 9.1178586001806359 -1.5543122344752192e-15  1.000000000000016 -15.342003286297709 8.8688378401220049 1.7763568394002505e-15  0.99999999999998523 -15.685969770871036 8.5941728947527682 -7.7715611723760958e-16  1.0000000000000078 -16.014193998203297 8.2970738960494632 2.2204460492503131e-16  0.99999999999999911 -16.945373874490482 7.3491846226722526 0  0.99999999999999856 -17.494041145857576 6.6425227619385421 -1.6653345369377348e-15  1.0000000000000067 -17.973283128893208 5.8681131667641679 2.55351295663786e-15  0.9999999999999909 -18.382069800776662 5.0355458624628033 -2.4424906541753444e-15  1.0000000000000051 -18.719284263372494 4.1569793567792246 1.6653345369377348e-15  0.999999999999999 -18.985155571380858 3.2463079994257678 -6.6613381477509392e-16  0.99999999999999978 -19.375808266292196 1.388694185408506 1.1102230246251565e-15  0.99999999999999978 -19.499187609504681 0.44866623068307154 -3.1086244689504383e-15  1.0000000000000018 -19.547310937605374 -0.49326980697856371 4.7739590058881731e-15  1.0000000000000022 -19.517725826164131 -1.4278394764144919 -4.9960036108132044e-15  0.99999999999999234 -19.408481876017387 -2.3462546375129012 3.219646771412954e-15  1.0000000000000084 -19.217785410455562 -3.2407052835493722 -6.6613381477509392e-16  0.99999999999999611 -18.66955186906495 -4.96890623239414 -2.2204460492503131e-16  1.0000000000000053 -18.308280984980044 -5.814430797424305 1.1102230246251565e-15  0.99999999999998324 -17.865728811858855 -6.6339236247758535 -2.4424906541753444e-15  1.0000000000000282 -17.348870269891258 -7.418992276892058 2.6645352591003757e-15  0.99999999999997413 -16.765596136502243 -8.1609081846665994 -1.8873791418627661e-15  1.0000000000000144 -16.124541275105109 -8.8511615196092777 8.8817841970012523e-16  0.99999999999999523 -14.74522642312777 -10.112923696304735 -8.8817841970012523e-16  1.0000000000000058 -14.001200749615961 -10.689713196408489 3.8857805861880479e-15  0.99999999999997857 -13.208125362146179 -11.214960686405396 -7.6605388699135801e-15  1.0000000000000329 -12.372474066080425 -11.690527663983669 7.3274719625260332e-15  0.99999999999997091 -11.50159567657486 -12.117997312882242 -3.3306690738754696e-15  1.0000000000000162 -10.603404741831085 -12.499110811331832 6.6613381477509392e-16  0.99999999999999589 -8.768639157911359 -13.173333449338054 -1.1102230246251565e-15  1.0000000000000013 -7.8347603734318341 -13.465399503203344 3.9968028886505635e-15  1.0000000000000002 -6.885967760062484 -13.714560485142451 -7.2164496600635175e-15  0.999999999999997 -5.9239861896317754 -13.922898151124809 7.7715611723760958e-15  1.0000000000000031 -4.9506959148007788 -14.092467446055807 -5.5511151231257827e-15  0.99999999999999756 -3.9680949252071542 -14.225346619789695 1.9984014443252818e-15  1.0000000000000009 -0.99864280486143997 -14.520363947050569 -2.55351295663786e-15  0.99999999999999989 0.99626960776987805 -14.577559331735927 5.3290705182007514e-15  0.99999999999999967 2.9896657377244327 -14.489007130787444 -6.7723604502134549e-15  1.0000000000000004 4.9648508273780632 -14.24913260416268 5.2180482157382357e-15  0.99999999999999889 6.9056047223464612 -13.852738947438493 -1.3322676295501878e-15  1.0000000000000036 8.796541035794295 -13.294693601064736 -6.6613381477509392e-16  0.999999999999996 11.536900648377559 -12.207086271861396 7.7715611723760958e-16  1.000000000000006 12.428819933353882 -11.804971704784895 -2.6645352591003757e-15  0.99999999999997724 13.290907685894197 -11.360071694251902 5.1070259132757201e-15  1.0000000000000389 14.114924351310666 -10.869437839434571 -6.2172489379008766e-15  0.99999999999996336 14.893435194133206 -10.330589351131499 4.6629367034256575e-15  1.0000000000000195 15.620200646693476 -9.7409078487037242 -1.7763568394002505e-15  0.99999999999999589 16.960215763346699 -8.451552599887254 2.1094237467877974e-15  1.0000000000000004 17.580141079062898 -7.7455061181326395 -7.6605388699135801e-15  1.0000000000000036 18.14005131413807 -6.9869472286158985 1.2212453270876722e-14  0.99999999999999556 18.63067156684361 -6.1856903697246111 -1.1879386363489175e-14  1.0000000000000031 19.043610323295226 -5.3518321781740887 6.7723604502134549e-15  0.999999999999998 19.371563999866314 -4.4950958171974102 -1.3322676295501878e-15  1.0000000000000011 19.845457788773132 -2.7533326471777362 -2.2204460492503131e-16  0.99999999999999833 19.994918328132815 -1.8553120263780496 2.9976021664879227e-15  1.0000000000000087 20.059617064380316 -0.93650845930279436 -6.5503158452884236e-15  0.99999999999998967 20.04159353108739 -0.0050787803884571048 6.9944050551384862e-15  1.000000000000006 19.943383257113812 0.92973714603505098 -3.7747582837255322e-15  0.999999999999999 19.768399949828236 1.8582088936972569 6.6613381477509392e-16  0.99999999999999867 19.272637790301403 3.6831121612668225 1.1102230246251565e-16  1.000000000000004 18.953617451001357 4.5729754722173892 -2.886579864025407e-15  0.99999999999998379 18.563787651791522 5.4262619016620928 5.3290705182007514e-15  1.0000000000000258 18.104058488059586 6.2291941525906918 -5.3290705182007514e-15  0.99999999999997657 17.576495500245883 6.9698405894462727 2.1094237467877974e-15  1.0000000000000129 16.982837645638799 7.6387905160592844 -1.1102230246251565e-16  0.99999999999999634 15.990097309826531 8.5237955944900534 -1.1102230246251565e-16  1.0000000000000013 15.641661053386871 8.7995078351931859 1.3322676295501878e-15  0.99999999999999922 15.278155463593007 9.0527848055745093 -2.1094237467877974e-15  0.99999999999999878 14.902289029150548 9.2807452436493563 2.6645352591003757e-15  1.000000000000002 14.516773317399867 9.4808646384269863 -2.4424906541753444e-15  0.99999999999999867 14.124113135435145 9.6510298994092825 1.2212453270876722e-15  1.0000000000000002 13.328612408611527 9.9281817876164489 -8.8817841970012523e-16  0.99999999999999944 12.915549193834252 10.038731331333688 9.9920072216264089e-16  1.0000000000000069 12.488756892459005 10.122060836494082 -9.9920072216264089e-16  0.99999999999998679 12.050633687162115 10.178936258570465 -3.3306690738754696e-16  1.0000000000000104 11.604159137598222 10.210225822767198 1.3322676295501878e-15  0.99999999999999556 11.152627220271588 10.217054517522858 -6.6613381477509392e-16  1.0000000000000011 9.7927811351919694 10.168763087945285 1.6653345369377348e-15  0.99999999999999856 8.8634901797727963 10.044248985034077 -7.7715611723760958e-15  1.000000000000002 7.9028868508542196 9.8470685011274028 1.4988010832439613e-14  1.0000000000000036 6.9141631600988029 9.6001990969299236 -1.6209256159527285e-14  0.99999999999999101 5.8967204076672779 9.3353286115028222 1.0325074129013956e-14  1.0000000000000084 4.8453665502079533 9.0838057866492843 -3.5527136788005009e-15  0.99999999999999545 3.2107640205957297 8.7834948894077964 1.8873791418627661e-15  1.0000000000000044 2.6623351527526311 8.6973256059265953 -4.9960036108132044e-15  0.99999999999998646 2.1098086162835523 8.6263149406091699 9.5479180117763462e-15  1.0000000000000202 1.553197673615019 8.5720145409130009 -1.1435297153639112e-14  0.9999999999999849 0.9931267025493774 8.5360807145102822 7.4384942649885488e-15  1.000000000000006 0.43091833353473014 8.5200564136129255 -1.7763568394002505e-15  0.99999999999999956 -0.69361950285399798 8.5302505901346848 -1.1102230246251565e-16  0.99999999999999878 -1.255930427506037 8.5564726983309196 1.3322676295501878e-15  1.0000000000000049 -1.8161579136284676 8.6023583779083843 -1.8873791418627661e-15  0.999999999999995 -2.3728669236529147 8.6661482335303219 1.5543122344752192e-15  1.000000000000002 -2.925140325796721 8.7459462201895892 -9.9920072216264089e-16  0.999999999999999 -3.4724375640272442 8.8398812229006651 2.2204460492503131e-16  1.0000000000000011 -5.0984484317613132 9.1590363139746369 -4.4408920985006262e-16  0.99999999999999512 -6.1426050433437451 9.4179415187662272 1.6653345369377348e-15  1.0000000000000171 -7.1514994404020937 9.683941113325476 -3.9968028886505635e-15  0.99999999999996825 -8.130546085483795 9.9251307661434556 4.5519144009631418e-15  1.0000000000000313 -9.0795740490511836 10.108258098498389 -2.886579864025407e-15  0.99999999999998146 -9.9954558401425935 10.212026542111921 9.9920072216264089e-16  1.0000000000000058 -10.890551317922284 10.216442053138049 0  1 

0 3
116.40161088699381 3

-4.6329701189613447e-16 8
3.618104518898452 6
7.2557305202153337 6
14.531494314378799 6
21.807947875202963 6
29.083633402214225 6
36.359931149111929 6
43.637027118529659 6
58.190860696221215 6
65.467552016151174 6
72.743789178093948 6
80.019375889451183 6
87.295583054643075 6
90.932992511802524 6
94.571022400905804 6
101.84790514031195 6
105.48609014412429 6
109.12467856458098 6
116.40161088699381 8

9 1 1 0 0 2 7 3 110 2 19 -10.883151899516111 11.716423802562772 22.500000569968861  1 -11.399117919753582 11.718969065842527 22.500000569968861  1.0000000000000018 -11.917694992732384 11.693064339083385 22.500000569968861  0.99999999999998879 -12.435221602091191 11.636922385763112 22.500000569968858  1.0000000000000209 -12.948036231468745 11.548755969359195 22.500000569968865  0.99999999999998057 -13.452477364503844 11.426777853349533 22.500000569968858  1.0000000000000104 -13.94488348483514 11.269200801211618 22.500000569968861  0.99999999999999734 -14.900874753899712 10.878222427583097 22.500000569968861  1.0000000000000018 -15.364290064444042 10.644416583549473 22.500000569968865  0.99999999999999156 -15.810446187307203 10.376356773036186 22.500000569968854  1.000000000000016 -16.237950302061837 10.077579724756898 22.500000569968869  0.99999999999998523 -16.645409588280764 9.7516221674256389 22.500000569968858  1.0000000000000078 -17.031431225536682 9.4020208297560153 22.500000569968861  0.99999999999999911 -18.121055827889673 8.2928436461848687 22.500000569968861  0.99999999999999856 -18.756154535939388 7.4729353292596876 22.500000569968861  1.0000000000000067 -19.302396736106523 6.5857143233291584 22.500000569968861  0.9999999999999909 -19.7622606469453 5.6443074620376903 22.500000569968858  1.0000000000000051 -20.138224487011055 4.6618415790273211 22.500000569968865  0.999999999999999 -20.432766474858258 3.6514435079424645 22.500000569968861  0.99999999999999978 -20.863983622667643 1.6009394642071748 22.500000569968861  0.99999999999999978 -21.000643813681467 0.56083068423003102 22.500000569968858  1.0000000000000018 -21.054741706403536 -0.48541718651630794 22.500000569968869  1.0000000000000022 -21.022673605157909 -1.5291350770417895 22.500000569968854  0.99999999999999234 -20.900835814263193 -2.561653916357435 22.500000569968865  1.0000000000000084 -20.685624638043734 -3.574304633473238 22.500000569968861  0.99999999999999611 -20.061281075243823 -5.5424278075842892 22.500000569968861  1.0000000000000053 -19.65216915955569 -6.49790628849538 22.500000569968858  0.99999999999998324 -19.154532088422599 -7.4174667040382225 22.500000569968865  1.0000000000000282 -18.576801316512928 -8.2937221581171077 22.500000569968858  0.99999999999997413 -17.927408298493962 -9.1192857546372146 22.500000569968865  1.0000000000000144 -17.21478448903369 -9.8867705975029594 22.500000569968861  0.99999999999999523 -15.679873620972545 -11.290868055847593 22.500000569968861  1.0000000000000058 -14.857577339692662 -11.927469653516733 22.500000569968861  0.99999999999997857 -13.988457769738448 -12.501903847415747 22.500000569968861  1.0000000000000329 -13.080500181886023 -13.017479901332909 22.500000569968861  0.99999999999997091 -12.141689846914554 -13.477507079057395 22.500000569968861  1.0000000000000162 -11.180012035600127 -13.885294644377757 22.500000569968861  0.99999999999999589 -9.2267848715092793 -14.603048445048781 22.500000569968861  1.0000000000000013 -8.2352322533457336 -14.913003944321678 22.500000569968869  1.0000000000000002 -7.2308618859488911 -15.176523318875057 22.500000569968847  0.999999999999997 -6.2157414910364945 -15.396111528680278 22.500000569968876  1.0000000000000031 -5.1919387903270602 -15.57427353371204 22.500000569968851  0.99999999999999756 -4.1615215055386212 -15.71351429394157 22.500000569968865  1.0000000000000009 -1.0566800309789572 -16.021982656545422 22.500000569968858  0.99999999999999989 1.0313838502433468 -16.081968577635589 22.500000569968865  0.99999999999999967 3.1214144193573734 -15.989633489616033 22.500000569968858  1.0000000000000004 5.1971918104428978 -15.738314349489015 22.500000569968865  0.99999999999999889 7.2424961575797653 -15.321348114257368 22.500000569968861  1.0000000000000036 9.241107594847735 -14.732071740923708 22.500000569968861  0.999999999999996 12.144625599099337 -13.579709311044997 22.500000569968861  1.000000000000006 13.096717722558259 -13.150855912945531 22.500000569968865  0.99999999999997724 14.024768071334028 -12.672736970648629 22.500000569968858  1.0000000000000389 14.920462090056819 -12.140827462610702 22.500000569968865  0.99999999999996336 15.775485223356712 -11.550602367288382 22.500000569968861  1.0000000000000195 16.5815229158646 -10.89753666313792 22.500000569968861  0.99999999999999589 18.078951577811228 -9.4567189581621669 22.500000569968861  1.0000000000000004 18.77034969952274 -8.6689753660168449 22.500000569968858  1.0000000000000036 19.395539497402236 -7.8223910177956482 22.500000569968865  0.99999999999999556 19.94560549151014 -6.9254823791147402 22.500000569968858  1.0000000000000031 20.411632201902624 -5.9867659155895128 22.500000569968865  0.999999999999998 20.784704148639982 -5.0147580928361286 22.500000569968861  1.0000000000000011 21.327083311165126 -3.0212817663123306 22.500000569968861  0.99999999999999833 21.496408739278213 -1.9998176917884427 22.500000569968861  1.0000000000000087 21.568248119645038 -0.96258868057171898 22.500000569968858  0.99999999999998967 21.546967435792311 0.081399739664242521 22.500000569968865  1.000000000000006 21.436932671245653 1.123142041246445 22.500000569968858  0.999999999999999 21.242509809532059 2.1536326965012993 22.500000569968861  0.99999999999999867 20.693596454464224 4.1741858105827623 22.500000569968861  1.000000000000004 20.339092312137335 5.164244814244026 22.500000569968854  0.99999999999998379 19.903212320107073 6.1208396164083432 22.500000569968872  1.0000000000000258 19.384616391287878 7.0307666447444639 22.500000569968851  0.99999999999997657 18.781964438588947 7.8808223269213311 22.500000569968865  1.0000000000000129 18.09391637492433 8.6578030906076346 22.500000569968861  0.99999999999999634 16.931813894130762 9.6937906092549806 22.500000569968861  1.0000000000000013 16.522819899092447 10.017514462221973 22.500000569968861  0.99999999999999922 16.094069802046825 10.316630472878925 22.500000569968861  0.99999999999999878 15.647483276953583 10.588092191732244 22.500000569968861  1.000000000000002 15.184979997768476 10.828853169287214 22.500000569968861  0.99999999999999867 14.708479638450958 11.035866956050297 22.500000569968861  1.0000000000000002 13.731240770888396 11.376336283408152 22.500000569968861  0.99999999999999944 13.230498142212415 11.509779271170082 22.500000569968858  1.0000000000000069 12.720547763833681 11.60856213208055 22.500000569968869  0.99999999999998679 12.204263412655674 11.674830932407593 22.500000569968854  1.0000000000000104 11.684518865582005 11.71073173841854 22.500000569968865  0.99999999999999556 11.164187899516254 11.718410616381604 22.500000569968861  1.0000000000000011 9.6099398880584221 11.663215503335376 22.500000569968865  0.99999999999999856 8.582886986216911 11.522090331097717 22.500000569968854  1.000000000000002 7.5621188929079564 11.308276494977703 22.500000569968876  1.0000000000000036 6.5447689152033117 11.053412374102855 22.500000569968847  0.99999999999999101 5.5279703601731072 10.789136347599161 22.500000569968869  1.0000000000000084 4.5088565348892216 10.547086794594204 22.500000569968858  0.99999999999999545 2.9724489383139412 10.264816373805372 22.500000569968865  1.0000000000000044 2.459020036440001 10.184193770743216 22.500000569968858  0.99999999999998646 1.9445696418077876 10.118238332078819 22.500000569968869  1.0000000000000202 1.4293143570824058 10.068151056326144 22.500000569968851  0.9999999999999849 0.9134498617545781 10.035131837371518 22.500000569968869  1.000000000000006 0.39720898730746823 10.020381408388834 22.500000569968861  0.99999999999999956 -0.63542665076851712 10.029825686689637 22.500000569968861  0.99999999999999878 -1.1517766220885435 10.054025715152186 22.500000569968861  1.0000000000000049 -1.6678129127115306 10.096268630186167 22.500000569968861  0.999999999999995 -2.1833301624150616 10.155163762122156 22.500000569968861  1.000000000000002 -2.6981264422449733 10.22933521730887 22.500000569968861  0.999999999999999 -3.2118948371426188 10.31739258285263 22.500000569968861  1.0000000000000011 -4.7485209894792044 10.618912974001864 22.500000569968861  0.99999999999999512 -5.7668373908418786 10.869739438963334 22.500000569968861  1.0000000000000171 -6.7822693760932102 11.137348234214683 22.500000569968858  0.99999999999996825 -7.7982976830401043 11.388785996265243 22.500000569968865  1.0000000000000313 -8.8182346866432031 11.591101740227082 22.500000569968858  0.99999999999998146 -9.8454124449699183 11.711304627996967 22.500000569968861  1.0000000000000058 -10.883151899516111 11.716423802562772 22.500000569968861  1 
-10.883151899516111 11.716423802562771 24.000000569968861  0.70710678118654757 -11.399117919753634 11.718969065842531 24.000000569968861  0.70710678118654813 -11.917694992732255 11.693064339083374 24.000000569968854  0.70710678118654147 -12.435221602091334 11.636922385763123 24.000000569968869  0.70710678118656012 -12.948036231468668 11.54875596935919 24.000000569968854  0.70710678118653558 -13.452477364503867 11.426777853349551 24.000000569968865  0.70710678118655435 -13.944883484835142 11.26920080121161 24.000000569968861  0.70710678118654535 -14.900874753899716 10.878222427583118 24.000000569968861  0.70710678118654968 -15.364290064444017 10.644416583549431 24.000000569968861  0.70710678118653825 -15.810446187307278 10.37635677303626 24.000000569968861  0.707106781186564 -16.237950302061734 10.077579724756834 24.000000569968861  0.70710678118653281 -16.645409588280842 9.7516221674257064 24.000000569968865  0.70710678118655468 -17.03143122553665 9.4020208297559833 24.000000569968861  0.70710678118654713 -18.121055827889709 8.2928436461849309 24.000000569968865  0.70710678118654491 -18.756154535939309 7.4729353292595171 24.000000569968854  0.70710678118655779 -19.302396736106651 6.5857143233294089 24.000000569968876  0.70710678118653225 -19.76226064694513 5.6443074620374762 24.000000569968844  0.70710678118656045 -20.138224487011176 4.6618415790274241 24.000000569968872  0.70710678118654136 -20.432766474858205 3.651443507942437 24.000000569968858  0.70710678118654913 -20.863983622667753 1.6009394642071944 24.000000569968865  0.70710678118654546 -21.000643813681084 0.56083068422998972 24.000000569968854  0.70710678118655423 -21.054741706404258 -0.48541718651625865 24.000000569968872  0.70710678118653936 -21.022673605157078 -1.5291350770418239 24.000000569968851  0.70710678118655412 -20.900835814263754 -2.5616539163574221 24.000000569968865  0.70710678118654513 -20.685624638043578 -3.5743046334732407 24.000000569968861  0.70710678118654724 -20.061281075243929 -5.5424278075842865 24.000000569968861  0.70710678118654957 -19.652169159555406 -6.4979062884953915 24.000000569968858  0.70710678118654036 -19.154532088423004 -7.4174667040382065 24.000000569968869  0.70710678118656045 -18.576801316512558 -8.2937221581171165 24.000000569968854  0.70710678118653592 -17.927408298494154 -9.1192857546372057 24.000000569968865  0.7071067811865539 -17.214784489033669 -9.8867705975029665 24.000000569968861  0.70710678118654491 -15.679873620972499 -11.290868055847566 24.000000569968861  0.7071067811865519 -14.857577339692854 -11.927469653516839 24.000000569968865  0.70710678118652992 -13.988457769738121 -12.501903847415575 24.000000569968858  0.70710678118657466 -13.080500181886315 -13.017479901333035 24.000000569968865  0.70710678118652504 -12.141689846914421 -13.477507079057345 24.000000569968861  0.70710678118655856 -11.180012035600157 -13.88529464437778 24.000000569968861  0.70710678118654491 -9.2267848715092651 -14.603048445048746 24.000000569968861  0.70710678118654891 -8.2352322533457265 -14.913003944321829 24.000000569968858  0.70710678118654613 -7.2308618859489364 -15.176523318874752 24.000000569968865  0.70710678118654691 -6.2157414910364137 -15.39611152868062 24.000000569968854  0.70710678118654946 -5.191938790327125 -15.574273533711818 24.000000569968865  0.70710678118654602 -4.1615215055386097 -15.71351429394163 24.000000569968861  0.70710678118654768 -1.0566800309789646 -16.02198265654534 24.000000569968858  0.70710678118654913 1.0313838502433681 -16.081968577635777 24.000000569968872  0.70710678118654213 3.1214144193573277 -15.989633489615786 24.00000056996884  0.70710678118655534 5.1971918104429502 -15.738314349489194 24.000000569968879  0.70710678118654047 7.2424961575797431 -15.32134811425729 24.000000569968851  0.70710678118655235 9.2411075948477546 -14.732071740923722 24.000000569968865  0.7071067811865448 12.144625599099308 -13.579709311044995 24.000000569968861  0.70710678118655124 13.096717722558397 -13.150855912945534 24.000000569968858  0.7071067811865327 14.024768071333906 -12.672736970648668 24.000000569968869  0.70710678118657233 14.92046209005685 -12.140827462610607 24.000000569968851  0.7071067811865257 15.775485223356739 -11.550602367288452 24.000000569968869  0.70710678118655823 16.581522915864582 -10.897536663137902 24.000000569968861  0.7071067811865458 18.078951577811274 -9.4567189581621882 24.000000569968861  0.7071067811865468 18.770349699522544 -8.668975366016781 24.000000569968865  0.70710678118655523 19.395539497402584 -7.8223910177957245 24.000000569968854  0.70710678118653558 19.945605491509756 -6.9254823791146896 24.000000569968869  0.70710678118655934 20.411632201902865 -5.986765915589535 24.000000569968858  0.70710678118653991 20.784704148639918 -5.0147580928361268 24.000000569968861  0.70710678118655013 21.327083311165165 -3.0212817663123279 24.000000569968861  0.70710678118654524 21.496408739278142 -1.9998176917884505 24.000000569968861  0.70710678118655501 21.568248119645162 -0.9625886805717252 24.000000569968865  0.70710678118653758 21.54696743579213 0.081399739664266946 24.000000569968854  0.70710678118655523 21.43693267124582 1.1231420412464272 24.000000569968869  0.70710678118654346 21.242509809531967 2.1536326965012993 24.000000569968858  0.70710678118654846 20.693596454464345 4.174185810582772 24.000000569968865  0.70710678118654835 20.339092312136909 5.1642448142439514 24.000000569968851  0.7071067811865438 19.903212320107709 6.1208396164084604 24.000000569968883  0.70710678118655423 19.384616391287295 7.0307666447443538 24.00000056996884  0.7071067811865428 18.781964438589306 7.8808223269214004 24.000000569968876  0.70710678118654857 18.093916374924213 8.6578030906076098 24.000000569968858  0.70710678118654768 16.931813894130848 9.6937906092549877 24.000000569968865  0.70710678118654713 16.522819899092124 10.017514462221941 24.000000569968858  0.70710678118655224 16.094069802047358 10.316630472879003 24.000000569968872  0.70710678118653747 15.647483276953103 10.588092191732146 24.000000569968851  0.7071067811865569 15.184979997768705 10.828853169287258 24.000000569968865  0.70710678118654335 14.708479638450918 11.035866956050283 24.000000569968861  0.70710678118654824 13.731240770888412 11.376336283408166 24.000000569968861  0.70710678118654713 13.230498142212396 11.509779271170034 24.000000569968861  0.70710678118655246 12.720547763833732 11.608562132080641 24.000000569968865  0.70710678118653802 12.204263412655575 11.674830932407458 24.000000569968858  0.70710678118655523 11.68451886558211 11.71073173841865 24.000000569968861  0.7071067811865438 11.164187899516216 11.718410616381572 24.000000569968861  0.70710678118654857 9.6099398880584488 11.663215503335422 24.000000569968861  0.70710678118654624 8.5828869862168808 11.522090331097601 24.000000569968858  0.70710678118655057 7.5621188929079857 11.308276494977896 24.000000569968865  0.70710678118654668 6.5447689152032833 11.053412374102681 24.000000569968858  0.70710678118654458 5.527970360173132 10.789136347599255 24.000000569968865  0.70710678118655168 4.5088565348892162 10.54708679459417 24.000000569968861  0.70710678118654546 2.9724489383139452 10.264816373805417 24.000000569968861  0.70710678118654913 2.459020036439997 10.184193770743045 24.000000569968854  0.7071067811865438 1.9445696418077816 10.11823833207912 24.000000569968872  0.70710678118655135 1.4293143570824058 10.06815105632584 24.000000569968851  0.70710678118654802 0.91344986175457143 10.035131837371685 24.000000569968869  0.70710678118654513 0.39720898730747423 10.020381408388801 24.000000569968861  0.70710678118654879 -0.6354266507685149 10.029825686689659 24.000000569968861  0.7071067811865458 -1.151776622088535 10.054025715152155 24.000000569968858  0.70710678118655257 -1.6678129127115384 10.096268630186193 24.000000569968865  0.70710678118654313 -2.183330162415047 10.155163762122124 24.000000569968858  0.70710678118654902 -2.6981264422449738 10.229335217308897 24.000000569968861  0.70710678118654746 -3.2118948371426255 10.317392582852634 24.000000569968861  0.70710678118654768 -4.7485209894792018 10.618912974001827 24.000000569968861  0.70710678118654602 -5.7668373908418671 10.869739438963487 24.000000569968858  0.7071067811865539 -6.7822693760932662 11.137348234214413 24.000000569968869  0.70710678118653392 -7.7982976830400403 11.388785996265527 24.000000569968854  0.70710678118656212 -8.8182346866432333 11.591101740226895 24.000000569968869  0.70710678118653825 -9.845412444969913 11.711304627997034 24.000000569968858  0.70710678118655057 -10.883151899516131 11.716423802562776 24.000000569968861  0.70710678118654757 
-10.890551317922284 10.216442053138049 24.000000569968861  1 -11.33559448302436 10.218637453574525 24.000000569968861  1.0000000000000018 -11.780220714946317 10.196302261297225 24.000000569968861  0.99999999999998879 -12.220136879367702 10.148163024745308 24.000000569968865  1.0000000000000209 -12.651065366760678 10.073424419019698 24.000000569968858  0.99999999999998057 -13.069048750817382 9.9716278484820524 24.000000569968865  1.0000000000000104 -13.470754446876663 9.8425100493544644 24.000000569968861  0.99999999999999734 -14.238870904746477 9.5283681390951447 24.000000569968861  1.0000000000000018 -14.616286772610021 9.3384610010993629 24.000000569968858  0.99999999999999156 -14.984664009923771 9.1178586001806359 24.000000569968869  1.000000000000016 -15.342003286297709 8.8688378401220049 24.000000569968854  0.99999999999998523 -15.685969770871036 8.5941728947527682 24.000000569968865  1.0000000000000078 -16.014193998203297 8.2970738960494632 24.000000569968861  0.99999999999999911 -16.945373874490482 7.3491846226722526 24.000000569968861  0.99999999999999856 -17.494041145857576 6.6425227619385421 24.000000569968861  1.0000000000000067 -17.973283128893208 5.8681131667641679 24.000000569968861  0.9999999999999909 -18.382069800776662 5.0355458624628033 24.000000569968865  1.0000000000000051 -18.719284263372494 4.1569793567792246 24.000000569968858  0.999999999999999 -18.985155571380858 3.2463079994257678 24.000000569968861  0.99999999999999978 -19.375808266292196 1.388694185408506 24.000000569968861  0.99999999999999978 -19.499187609504681 0.44866623068307154 24.000000569968865  1.0000000000000018 -19.547310937605374 -0.49326980697856371 24.000000569968854  1.0000000000000022 -19.517725826164131 -1.4278394764144919 24.000000569968869  0.99999999999999234 -19.408481876017387 -2.3462546375129012 24.000000569968858  1.0000000000000084 -19.217785410455562 -3.2407052835493722 24.000000569968861  0.99999999999999611 -18.66955186906495 -4.96890623239414 24.000000569968861  1.0000000000000053 -18.308280984980044 -5.814430797424305 24.000000569968865  0.99999999999998324 -17.865728811858855 -6.6339236247758535 24.000000569968858  1.0000000000000282 -17.348870269891258 -7.418992276892058 24.000000569968865  0.99999999999997413 -16.765596136502243 -8.1609081846665994 24.000000569968858  1.0000000000000144 -16.124541275105109 -8.8511615196092777 24.000000569968861  0.99999999999999523 -14.74522642312777 -10.112923696304735 24.000000569968861  1.0000000000000058 -14.001200749615961 -10.689713196408489 24.000000569968861  0.99999999999997857 -13.208125362146179 -11.214960686405396 24.000000569968861  1.0000000000000329 -12.372474066080425 -11.690527663983669 24.000000569968861  0.99999999999997091 -11.50159567657486 -12.117997312882242 24.000000569968861  1.0000000000000162 -10.603404741831085 -12.499110811331832 24.000000569968861  0.99999999999999589 -8.768639157911359 -13.173333449338054 24.000000569968861  1.0000000000000013 -7.8347603734318341 -13.465399503203344 24.000000569968854  1.0000000000000002 -6.885967760062484 -13.714560485142451 24.000000569968876  0.999999999999997 -5.9239861896317754 -13.922898151124809 24.000000569968847  1.0000000000000031 -4.9506959148007788 -14.092467446055807 24.000000569968872  0.99999999999999756 -3.9680949252071542 -14.225346619789695 24.000000569968858  1.0000000000000009 -0.99864280486143997 -14.520363947050569 24.000000569968865  0.99999999999999989 0.99626960776987805 -14.577559331735927 24.000000569968858  0.99999999999999967 2.9896657377244327 -14.489007130787444 24.000000569968865  1.0000000000000004 4.9648508273780632 -14.24913260416268 24.000000569968858  0.99999999999999889 6.9056047223464612 -13.852738947438493 24.000000569968861  1.0000000000000036 8.796541035794295 -13.294693601064736 24.000000569968861  0.999999999999996 11.536900648377559 -12.207086271861396 24.000000569968861  1.000000000000006 12.428819933353882 -11.804971704784895 24.000000569968858  0.99999999999997724 13.290907685894197 -11.360071694251902 24.000000569968865  1.0000000000000389 14.114924351310666 -10.869437839434571 24.000000569968858  0.99999999999996336 14.893435194133206 -10.330589351131499 24.000000569968861  1.0000000000000195 15.620200646693476 -9.7409078487037242 24.000000569968861  0.99999999999999589 16.960215763346699 -8.451552599887254 24.000000569968861  1.0000000000000004 17.580141079062898 -7.7455061181326395 24.000000569968865  1.0000000000000036 18.14005131413807 -6.9869472286158985 24.000000569968858  0.99999999999999556 18.63067156684361 -6.1856903697246111 24.000000569968865  1.0000000000000031 19.043610323295226 -5.3518321781740887 24.000000569968858  0.999999999999998 19.371563999866314 -4.4950958171974102 24.000000569968861  1.0000000000000011 19.845457788773132 -2.7533326471777362 24.000000569968861  0.99999999999999833 19.994918328132815 -1.8553120263780496 24.000000569968861  1.0000000000000087 20.059617064380316 -0.93650845930279436 24.000000569968865  0.99999999999998967 20.04159353108739 -0.0050787803884571048 24.000000569968858  1.000000000000006 19.943383257113812 0.92973714603505098 24.000000569968865  0.999999999999999 19.768399949828236 1.8582088936972569 24.000000569968861  0.99999999999999867 19.272637790301403 3.6831121612668225 24.000000569968861  1.000000000000004 18.953617451001357 4.5729754722173892 24.000000569968869  0.99999999999998379 18.563787651791522 5.4262619016620928 24.000000569968851  1.0000000000000258 18.104058488059586 6.2291941525906918 24.000000569968872  0.99999999999997657 17.576495500245883 6.9698405894462727 24.000000569968858  1.0000000000000129 16.982837645638799 7.6387905160592844 24.000000569968861  0.99999999999999634 15.990097309826531 8.5237955944900534 24.000000569968861  1.0000000000000013 15.641661053386869 8.7995078351931859 24.000000569968861  0.99999999999999922 15.278155463593004 9.0527848055745093 24.000000569968861  0.99999999999999878 14.902289029150561 9.2807452436493563 24.000000569968861  1.000000000000002 14.516773317399851 9.4808646384269863 24.000000569968861  0.99999999999999867 14.124113135435156 9.6510298994092825 24.000000569968861  1.0000000000000002 13.328612408611503 9.9281817876164489 24.000000569968861  0.99999999999999944 12.915549193834346 10.038731331333681 24.000000569968865  1.0000000000000069 12.488756892458857 10.122060836494093 24.000000569968854  0.99999999999998679 12.050633687162264 10.178936258570456 24.000000569968869  1.0000000000000104 11.604159137598131 10.210225822767203 24.000000569968858  0.99999999999999556 11.152627220271604 10.217054517522856 24.000000569968861  1.0000000000000011 9.792781135191964 10.168763087945294 24.000000569968858  0.99999999999999856 8.8634901797727679 10.044248985034057 24.000000569968869  1.000000000000002 7.9028868508542924 9.8470685011274259 24.000000569968847  1.0000000000000036 6.9141631600987221 9.6001990969298951 24.000000569968876  0.99999999999999101 5.8967204076673223 9.3353286115028435 24.000000569968854  1.0000000000000084 4.8453665502079417 9.0838057866492772 24.000000569968865  0.99999999999999545 3.2107640205957293 8.7834948894077947 24.000000569968858  1.0000000000000044 2.662335152752644 8.6973256059266166 24.000000569968865  0.99999999999998646 2.1098086162835274 8.6263149406091433 24.000000569968854  1.0000000000000202 1.5531976736150443 8.5720145409130275 24.000000569968872  0.9999999999999849 0.99312670254936286 8.5360807145102573 24.000000569968854  1.000000000000006 0.43091833353473519 8.5200564136129362 24.000000569968861  0.99999999999999956 -0.69361950285400376 8.5302505901346812 24.000000569968861  0.99999999999999878 -1.2559304275060232 8.5564726983309338 24.000000569968861  1.0000000000000049 -1.8161579136284871 8.6023583779083648 24.000000569968861  0.999999999999995 -2.3728669236529027 8.6661482335303468 24.000000569968861  1.000000000000002 -2.925140325796721 8.7459462201895679 24.000000569968861  0.999999999999999 -3.4724375640272496 8.839881222900674 24.000000569968861  1.0000000000000011 -5.098448431761291 9.159036313974628 24.000000569968861  0.99999999999999512 -6.1426050433438135 9.4179415187662539 24.000000569968861  1.0000000000000171 -7.1514994404019996 9.6839411133254263 24.000000569968865  0.99999999999996825 -8.130546085483866 9.9251307661435 24.000000569968858  1.0000000000000313 -9.0795740490511552 10.108258098498379 24.000000569968865  0.99999999999998146 -9.9954558401425988 10.212026542111916 24.000000569968861  1.0000000000000058 -10.890551317922284 10.216442053138049 24.000000569968861  1 

0 3
116.40161088699381 3

-4.6329701189613447e-16 8
3.618104518898452 6
7.2557305202153337 6
14.531494314378799 6
21.807947875202963 6
29.083633402214225 6
36.359931149111929 6
43.637027118529659 6
58.190860696221215 6
65.467552016151174 6
72.743789178093948 6
80.019375889451183 6
87.295583054643075 6
90.932992511802524 6
94.571022400905804 6
101.84790514031195 6
105.48609014412429 6
109.12467856458098 6
116.40161088699381 8

1 0.20784488283954111 -1.2873191482761737 0 0 0 1 1 0 -0 -0 1 0 
1 0.20784488283954111 -1.2873191482761737 0 0 0 1 1 0 -0 -0 1 0 
2 -15.000000032252949 -4.9102436001646765e-06 0 -0 -0 -1 1 0 0 0 1 0 0.49973633135692447
2 15.000000032252956 4.9102436001646765e-06 0 -0 -0 -1 1 0 0 0 1 0 0.49973197440359962
Triangulations 0

TShapes 42
Ve
1.44443779747255e-05
-10.8831518995161 11.7164238025628 1.5
0 0

0101101
*
Ve
1.44443779503175e-05
-10.8831518995161 11.7164238025628 22.5000005699689
0 0

0101101
*
Ed
 1e-07 1 1 0
1  1 0 1.5 22.5000005699689
3  1 2CN 1 0 1.5 22.5000005699689
0

0101000
+42 8 -41 8 *
Ed
 8.8908592785679e-06 1 1 0
1  2 0 -4.63297011896134e-16 116.401610886994
2  3 1 2 -4.63297011896134e-16 116.401610886994
2  4 2 0 -4.63297011896134e-16 116.401610886994
4 G1 1 2 2 0
0

0101000
+42 9 -42 9 *
Ed
 8.8908592785679e-06 1 1 0
1  3 0 -4.63297011896134e-16 116.401610886994
2  5 1 2 -4.63297011896134e-16 116.401610886994
2  6 3 0 -4.63297011896134e-16 116.401610886994
4 G1 1 2 3 0
0

0101000
+41 9 -41 9 *
Wi

0101100
+40 2 -39 0 +38 0 -40 2 *
Fa
0  1e-07 1 0

0101000
+37 6 *
Ve
8.89085927788503e-05
-10.8905513179223 10.216442053138 0
0 0

0101101
*
Ed
 8.8908592785679e-06 1 1 0
1  4 0 0 116.401610886994
3  7 8G1 2 0 0 116.401610886994
0

0101000
+42 9 -35 9 *
Ed
 8.8908592785679e-06 1 1 0
1  5 0 -4.63297011896134e-16 116.401610886994
2  9 2 0 -4.63297011896134e-16 116.401610886994
2  10 4 12 -4.63297011896134e-16 116.401610886994
4 G1 2 0 4 12
0

0101000
+35 9 -35 9 *
Wi

0101100
+34 0 -39 0 +33 0 -34 0 *
Fa
0  8.8908592785679e-06 2 0

0101000
+32 0 *
Ve
8.89085927788503e-05
-10.8905513179223 10.216442053138 24.0000005699689
0 0

0101101
*
Ed
 8.8908592785679e-06 1 1 0
1  6 0 0 116.401610886994
3  11 12G1 3 0 0 116.401610886994
0

0101000
+41 9 -30 9 *
Ed
 8.8908592785679e-06 1 1 0
1  7 0 -4.63297011896134e-16 116.401610886994
2  13 3 0 -4.63297011896134e-16 116.401610886994
2  14 5 14 -4.63297011896134e-16 116.401610886994
4 G1 3 0 5 14
0

0101000
+30 9 -30 9 *
Wi

0101100
+29 0 -38 0 +28 0 -29 0 *
Fa
0  8.8908592785679e-06 3 0

0101000
+27 0 *
Wi

0101100
+33 10 *
Ve
1e-07
-14.500263700896 -4.91024360016468e-06 0
0 0

0101101
*
Ed
 1e-07 1 1 0
1  8 0 0 6.28318530717959
2  15 4 19 0 6.28318530717959
2  16 6 20 0 6.28318530717959
0

0101000
+24 21 -24 21 *
Wi

0101100
-23 18 *
Ve
1e-07
15.4997320066566 4.91024360016468e-06 0
0 0

0101101
*
Ed
 1e-07 1 1 0
1  9 0 0 6.28318530717959
2  17 4 19 0 6.28318530717959
2  18 7 20 0 6.28318530717959
0

0101000
+21 21 -21 21 *
Wi

0101100
-20 18 *
Fa
0  1e-07 4 15

0101000
+25 0 +22 0 +19 0 *
Wi

0101100
+28 10 *
Ve
1.000000001224e-07
-14.500263700896 -4.91024360016468e-06 24.0000005699689
0 0

0101101
*
Ed
 1e-07 1 1 0
1  10 0 0 6.28318530717959
2  19 5 22 0 6.28318530717959
2  20 6 0 0 6.28318530717959
0

0101100
+16 23 -16 23 *
Wi

0101100
+15 0 *
Ve
1.00000000122399e-07
15.4997320066566 4.91024360016468e-06 24.0000005699689
0 0

0101101
*
Ed
 1e-07 1 1 0
1  11 0 0 6.28318530717959
2  21 5 22 0 6.28318530717959
2  22 7 0 0 6.28318530717959
0

0101100
+13 23 -13 23 *
Wi

0101100
+12 0 *
Fa
0  1e-07 5 22

0101000
+17 0 +14 0 +11 0 *
Ed
 1e-07 1 1 0
1  12 0 0 24.0000005699689
3  23 24CN 6 0 0 24.0000005699689
0

0101000
+24 23 -16 23 *
Wi

0101100
-23 18 -9 0 -15 0 +9 0 *
Fa
0  1e-07 6 0

0101000
+8 0 *
Ed
 1e-07 1 1 0
1  13 0 0 24.0000005699689
3  25 26CN 7 0 0 24.0000005699689
0

0101000
+21 23 -13 23 *
Wi

0101100
-20 18 -6 0 -12 0 +6 0 *
Fa
0  1e-07 7 0

0101000
+5 0 *
Sh

0101100
-36 5 +31 10 -26 10 -18 0 +10 0 +7 0 +4 0 *
So

0100000
+3 0 *
Co

1100000
+2 0 *

+1 1 